2026-02-11 12:30:59,586 [Worker-2: Loading available Gradle versions] INFO  o.e.b.c.i.u.g.PublishedGradleVersions - Gradle version information cache is up-to-date. Trying to read.
2026-02-11 12:31:33,582 [Worker-19: Importing Maven projects] INFO  o.e.m.c.i.l.LifecycleMappingFactory - Using org.eclipse.m2e.jdt.JarLifecycleMapping lifecycle mapping for MavenProject: com.micromentorship:mm:0.0.1-SNAPSHOT @ D:\JS+React\Micro Mentorship Project\mm\mm\pom.xml.
2026-02-11 12:31:34,105 [Worker-19: Importing Maven projects] INFO  o.e.m.c.i.e.AbstractTransferListenerAdapter - Downloading https://repo.maven.apache.org/maven2/org/springframework/boot/spring-boot-starter-security/4.0.2/spring-boot-starter-security-4.0.2.pom
2026-02-11 12:31:34,114 [Worker-19: Importing Maven projects] INFO  o.e.m.c.i.e.AbstractTransferListenerAdapter - Downloaded https://repo.maven.apache.org/maven2/org/springframework/boot/spring-boot-starter-security/4.0.2/spring-boot-starter-security-4.0.2.pom
2026-02-11 12:31:34,207 [Worker-19: Importing Maven projects] INFO  o.e.m.c.i.e.AbstractTransferListenerAdapter - Downloading https://repo.maven.apache.org/maven2/org/springframework/boot/spring-boot-security/4.0.2/spring-boot-security-4.0.2.pom
2026-02-11 12:31:34,220 [Worker-19: Importing Maven projects] INFO  o.e.m.c.i.e.AbstractTransferListenerAdapter - Downloaded https://repo.maven.apache.org/maven2/org/springframework/boot/spring-boot-security/4.0.2/spring-boot-security-4.0.2.pom
2026-02-11 12:31:34,309 [Worker-19: Importing Maven projects] INFO  o.e.m.c.i.e.AbstractTransferListenerAdapter - Downloading https://repo.maven.apache.org/maven2/org/springframework/security/spring-security-config/7.0.2/spring-security-config-7.0.2.pom
2026-02-11 12:31:34,313 [Worker-19: Importing Maven projects] INFO  o.e.m.c.i.e.AbstractTransferListenerAdapter - Downloaded https://repo.maven.apache.org/maven2/org/springframework/security/spring-security-config/7.0.2/spring-security-config-7.0.2.pom
2026-02-11 12:31:34,413 [Worker-19: Importing Maven projects] INFO  o.e.m.c.i.e.AbstractTransferListenerAdapter - Downloading https://repo.maven.apache.org/maven2/org/springframework/security/spring-security-core/7.0.2/spring-security-core-7.0.2.pom
2026-02-11 12:31:34,422 [Worker-19: Importing Maven projects] INFO  o.e.m.c.i.e.AbstractTransferListenerAdapter - Downloaded https://repo.maven.apache.org/maven2/org/springframework/security/spring-security-core/7.0.2/spring-security-core-7.0.2.pom
2026-02-11 12:31:34,459 [Worker-19: Importing Maven projects] INFO  o.e.m.c.i.e.AbstractTransferListenerAdapter - Downloading https://repo.maven.apache.org/maven2/org/springframework/security/spring-security-crypto/7.0.2/spring-security-crypto-7.0.2.pom
2026-02-11 12:31:34,464 [Worker-19: Importing Maven projects] INFO  o.e.m.c.i.e.AbstractTransferListenerAdapter - Downloaded https://repo.maven.apache.org/maven2/org/springframework/security/spring-security-crypto/7.0.2/spring-security-crypto-7.0.2.pom
2026-02-11 12:31:34,515 [Worker-19: Importing Maven projects] INFO  o.e.m.c.i.e.AbstractTransferListenerAdapter - Downloading https://repo.maven.apache.org/maven2/org/springframework/security/spring-security-web/7.0.2/spring-security-web-7.0.2.pom
2026-02-11 12:31:34,521 [Worker-19: Importing Maven projects] INFO  o.e.m.c.i.e.AbstractTransferListenerAdapter - Downloaded https://repo.maven.apache.org/maven2/org/springframework/security/spring-security-web/7.0.2/spring-security-web-7.0.2.pom
2026-02-11 12:31:34,618 [Worker-19: Importing Maven projects] INFO  o.e.m.c.i.e.AbstractTransferListenerAdapter - Downloading https://repo.maven.apache.org/maven2/org/springframework/boot/spring-boot-starter-validation/4.0.2/spring-boot-starter-validation-4.0.2.pom
2026-02-11 12:31:34,627 [Worker-19: Importing Maven projects] INFO  o.e.m.c.i.e.AbstractTransferListenerAdapter - Downloaded https://repo.maven.apache.org/maven2/org/springframework/boot/spring-boot-starter-validation/4.0.2/spring-boot-starter-validation-4.0.2.pom
2026-02-11 12:31:34,720 [Worker-19: Importing Maven projects] INFO  o.e.m.c.i.e.AbstractTransferListenerAdapter - Downloading https://repo.maven.apache.org/maven2/org/springframework/boot/spring-boot-validation/4.0.2/spring-boot-validation-4.0.2.pom
2026-02-11 12:31:34,727 [Worker-19: Importing Maven projects] INFO  o.e.m.c.i.e.AbstractTransferListenerAdapter - Downloaded https://repo.maven.apache.org/maven2/org/springframework/boot/spring-boot-validation/4.0.2/spring-boot-validation-4.0.2.pom
2026-02-11 12:31:34,824 [Worker-19: Importing Maven projects] INFO  o.e.m.c.i.e.AbstractTransferListenerAdapter - Downloading https://repo.maven.apache.org/maven2/org/hibernate/validator/hibernate-validator/9.0.1.Final/hibernate-validator-9.0.1.Final.pom
2026-02-11 12:31:34,828 [Worker-19: Importing Maven projects] INFO  o.e.m.c.i.e.AbstractTransferListenerAdapter - Downloaded https://repo.maven.apache.org/maven2/org/hibernate/validator/hibernate-validator/9.0.1.Final/hibernate-validator-9.0.1.Final.pom
2026-02-11 12:31:34,858 [Worker-19: Importing Maven projects] INFO  o.e.m.c.i.e.AbstractTransferListenerAdapter - Downloading https://repo.maven.apache.org/maven2/jakarta/validation/jakarta.validation-api/3.1.1/jakarta.validation-api-3.1.1.pom
2026-02-11 12:31:34,866 [Worker-19: Importing Maven projects] INFO  o.e.m.c.i.e.AbstractTransferListenerAdapter - Downloaded https://repo.maven.apache.org/maven2/jakarta/validation/jakarta.validation-api/3.1.1/jakarta.validation-api-3.1.1.pom
2026-02-11 12:31:35,129 [Worker-19: Importing Maven projects] INFO  o.e.m.c.i.e.AbstractTransferListenerAdapter - Downloading https://repo.maven.apache.org/maven2/org/springframework/boot/spring-boot-starter-security-test/4.0.2/spring-boot-starter-security-test-4.0.2.pom
2026-02-11 12:31:35,132 [Worker-19: Importing Maven projects] INFO  o.e.m.c.i.e.AbstractTransferListenerAdapter - Downloaded https://repo.maven.apache.org/maven2/org/springframework/boot/spring-boot-starter-security-test/4.0.2/spring-boot-starter-security-test-4.0.2.pom
2026-02-11 12:31:35,163 [Worker-19: Importing Maven projects] INFO  o.e.m.c.i.e.AbstractTransferListenerAdapter - Downloading https://repo.maven.apache.org/maven2/org/springframework/boot/spring-boot-security-test/4.0.2/spring-boot-security-test-4.0.2.pom
2026-02-11 12:31:35,167 [Worker-19: Importing Maven projects] INFO  o.e.m.c.i.e.AbstractTransferListenerAdapter - Downloaded https://repo.maven.apache.org/maven2/org/springframework/boot/spring-boot-security-test/4.0.2/spring-boot-security-test-4.0.2.pom
2026-02-11 12:31:35,232 [Worker-19: Importing Maven projects] INFO  o.e.m.c.i.e.AbstractTransferListenerAdapter - Downloading https://repo.maven.apache.org/maven2/org/springframework/security/spring-security-test/7.0.2/spring-security-test-7.0.2.pom
2026-02-11 12:31:35,238 [Worker-19: Importing Maven projects] INFO  o.e.m.c.i.e.AbstractTransferListenerAdapter - Downloaded https://repo.maven.apache.org/maven2/org/springframework/security/spring-security-test/7.0.2/spring-security-test-7.0.2.pom
2026-02-11 12:31:35,334 [Worker-19: Importing Maven projects] INFO  o.e.m.c.i.e.AbstractTransferListenerAdapter - Downloading https://repo.maven.apache.org/maven2/org/springframework/boot/spring-boot-starter-validation-test/4.0.2/spring-boot-starter-validation-test-4.0.2.pom
2026-02-11 12:31:35,339 [Worker-19: Importing Maven projects] INFO  o.e.m.c.i.e.AbstractTransferListenerAdapter - Downloaded https://repo.maven.apache.org/maven2/org/springframework/boot/spring-boot-starter-validation-test/4.0.2/spring-boot-starter-validation-test-4.0.2.pom
2026-02-11 12:31:35,543 [Worker-19: Importing Maven projects] INFO  o.e.m.c.i.e.AbstractTransferListenerAdapter - Downloading https://repo.maven.apache.org/maven2/org/springframework/boot/spring-boot-starter-security/4.0.2/spring-boot-starter-security-4.0.2.jar
2026-02-11 12:31:35,547 [Worker-19: Importing Maven projects] INFO  o.e.m.c.i.e.AbstractTransferListenerAdapter - Downloaded https://repo.maven.apache.org/maven2/org/springframework/boot/spring-boot-starter-security/4.0.2/spring-boot-starter-security-4.0.2.jar
2026-02-11 12:31:35,569 [BasicRepositoryConnector-repo.maven.apache.org-0-0] INFO  o.e.m.c.i.e.AbstractTransferListenerAdapter - Downloading https://repo.maven.apache.org/maven2/org/springframework/boot/spring-boot-security/4.0.2/spring-boot-security-4.0.2.jar
2026-02-11 12:31:35,582 [BasicRepositoryConnector-repo.maven.apache.org-0-0] INFO  o.e.m.c.i.e.AbstractTransferListenerAdapter - Downloaded https://repo.maven.apache.org/maven2/org/springframework/boot/spring-boot-security/4.0.2/spring-boot-security-4.0.2.jar
2026-02-11 12:31:35,607 [BasicRepositoryConnector-repo.maven.apache.org-0-0] INFO  o.e.m.c.i.e.AbstractTransferListenerAdapter - Downloading https://repo.maven.apache.org/maven2/org/springframework/boot/spring-boot-starter-validation/4.0.2/spring-boot-starter-validation-4.0.2.jar
2026-02-11 12:31:35,610 [BasicRepositoryConnector-repo.maven.apache.org-0-0] INFO  o.e.m.c.i.e.AbstractTransferListenerAdapter - Downloaded https://repo.maven.apache.org/maven2/org/springframework/boot/spring-boot-starter-validation/4.0.2/spring-boot-starter-validation-4.0.2.jar
2026-02-11 12:31:35,624 [BasicRepositoryConnector-repo.maven.apache.org-0-1] INFO  o.e.m.c.i.e.AbstractTransferListenerAdapter - Downloading https://repo.maven.apache.org/maven2/org/springframework/security/spring-security-config/7.0.2/spring-security-config-7.0.2.jar
2026-02-11 12:31:35,624 [BasicRepositoryConnector-repo.maven.apache.org-0-4] INFO  o.e.m.c.i.e.AbstractTransferListenerAdapter - Downloading https://repo.maven.apache.org/maven2/org/springframework/security/spring-security-web/7.0.2/spring-security-web-7.0.2.jar
2026-02-11 12:31:35,625 [BasicRepositoryConnector-repo.maven.apache.org-0-3] INFO  o.e.m.c.i.e.AbstractTransferListenerAdapter - Downloading https://repo.maven.apache.org/maven2/org/springframework/security/spring-security-crypto/7.0.2/spring-security-crypto-7.0.2.jar
2026-02-11 12:31:35,626 [BasicRepositoryConnector-repo.maven.apache.org-0-2] INFO  o.e.m.c.i.e.AbstractTransferListenerAdapter - Downloading https://repo.maven.apache.org/maven2/org/springframework/security/spring-security-core/7.0.2/spring-security-core-7.0.2.jar
2026-02-11 12:31:35,629 [BasicRepositoryConnector-repo.maven.apache.org-0-0] INFO  o.e.m.c.i.e.AbstractTransferListenerAdapter - Downloading https://repo.maven.apache.org/maven2/org/springframework/boot/spring-boot-validation/4.0.2/spring-boot-validation-4.0.2.jar
2026-02-11 12:31:35,633 [BasicRepositoryConnector-repo.maven.apache.org-0-0] INFO  o.e.m.c.i.e.AbstractTransferListenerAdapter - Downloaded https://repo.maven.apache.org/maven2/org/springframework/boot/spring-boot-validation/4.0.2/spring-boot-validation-4.0.2.jar
2026-02-11 12:31:35,646 [BasicRepositoryConnector-repo.maven.apache.org-0-3] INFO  o.e.m.c.i.e.AbstractTransferListenerAdapter - Downloaded https://repo.maven.apache.org/maven2/org/springframework/security/spring-security-crypto/7.0.2/spring-security-crypto-7.0.2.jar
2026-02-11 12:31:35,657 [BasicRepositoryConnector-repo.maven.apache.org-0-0] INFO  o.e.m.c.i.e.AbstractTransferListenerAdapter - Downloading https://repo.maven.apache.org/maven2/org/hibernate/validator/hibernate-validator/9.0.1.Final/hibernate-validator-9.0.1.Final.jar
2026-02-11 12:31:35,684 [BasicRepositoryConnector-repo.maven.apache.org-0-3] INFO  o.e.m.c.i.e.AbstractTransferListenerAdapter - Downloading https://repo.maven.apache.org/maven2/jakarta/validation/jakarta.validation-api/3.1.1/jakarta.validation-api-3.1.1.jar
2026-02-11 12:31:35,688 [BasicRepositoryConnector-repo.maven.apache.org-0-2] INFO  o.e.m.c.i.e.AbstractTransferListenerAdapter - Downloaded https://repo.maven.apache.org/maven2/org/springframework/security/spring-security-core/7.0.2/spring-security-core-7.0.2.jar
2026-02-11 12:31:35,697 [BasicRepositoryConnector-repo.maven.apache.org-0-3] INFO  o.e.m.c.i.e.AbstractTransferListenerAdapter - Downloaded https://repo.maven.apache.org/maven2/jakarta/validation/jakarta.validation-api/3.1.1/jakarta.validation-api-3.1.1.jar
2026-02-11 12:31:35,770 [BasicRepositoryConnector-repo.maven.apache.org-0-2] INFO  o.e.m.c.i.e.AbstractTransferListenerAdapter - Downloading https://repo.maven.apache.org/maven2/org/springframework/boot/spring-boot-starter-security-test/4.0.2/spring-boot-starter-security-test-4.0.2.jar
2026-02-11 12:31:35,772 [BasicRepositoryConnector-repo.maven.apache.org-0-4] INFO  o.e.m.c.i.e.AbstractTransferListenerAdapter - Downloaded https://repo.maven.apache.org/maven2/org/springframework/security/spring-security-web/7.0.2/spring-security-web-7.0.2.jar
2026-02-11 12:31:35,775 [BasicRepositoryConnector-repo.maven.apache.org-0-2] INFO  o.e.m.c.i.e.AbstractTransferListenerAdapter - Downloaded https://repo.maven.apache.org/maven2/org/springframework/boot/spring-boot-starter-security-test/4.0.2/spring-boot-starter-security-test-4.0.2.jar
2026-02-11 12:31:35,777 [BasicRepositoryConnector-repo.maven.apache.org-0-3] INFO  o.e.m.c.i.e.AbstractTransferListenerAdapter - Downloading https://repo.maven.apache.org/maven2/org/springframework/boot/spring-boot-security-test/4.0.2/spring-boot-security-test-4.0.2.jar
2026-02-11 12:31:35,781 [BasicRepositoryConnector-repo.maven.apache.org-0-3] INFO  o.e.m.c.i.e.AbstractTransferListenerAdapter - Downloaded https://repo.maven.apache.org/maven2/org/springframework/boot/spring-boot-security-test/4.0.2/spring-boot-security-test-4.0.2.jar
2026-02-11 12:31:35,830 [BasicRepositoryConnector-repo.maven.apache.org-0-4] INFO  o.e.m.c.i.e.AbstractTransferListenerAdapter - Downloading https://repo.maven.apache.org/maven2/org/springframework/security/spring-security-test/7.0.2/spring-security-test-7.0.2.jar
2026-02-11 12:31:35,839 [BasicRepositoryConnector-repo.maven.apache.org-0-2] INFO  o.e.m.c.i.e.AbstractTransferListenerAdapter - Downloading https://repo.maven.apache.org/maven2/org/springframework/boot/spring-boot-starter-validation-test/4.0.2/spring-boot-starter-validation-test-4.0.2.jar
2026-02-11 12:31:35,847 [BasicRepositoryConnector-repo.maven.apache.org-0-4] INFO  o.e.m.c.i.e.AbstractTransferListenerAdapter - Downloaded https://repo.maven.apache.org/maven2/org/springframework/security/spring-security-test/7.0.2/spring-security-test-7.0.2.jar
2026-02-11 12:31:35,847 [BasicRepositoryConnector-repo.maven.apache.org-0-2] INFO  o.e.m.c.i.e.AbstractTransferListenerAdapter - Downloaded https://repo.maven.apache.org/maven2/org/springframework/boot/spring-boot-starter-validation-test/4.0.2/spring-boot-starter-validation-test-4.0.2.jar
2026-02-11 12:31:35,869 [BasicRepositoryConnector-repo.maven.apache.org-0-0] INFO  o.e.m.c.i.e.AbstractTransferListenerAdapter - Downloaded https://repo.maven.apache.org/maven2/org/hibernate/validator/hibernate-validator/9.0.1.Final/hibernate-validator-9.0.1.Final.jar
2026-02-11 12:31:35,929 [BasicRepositoryConnector-repo.maven.apache.org-0-1] INFO  o.e.m.c.i.e.AbstractTransferListenerAdapter - Downloaded https://repo.maven.apache.org/maven2/org/springframework/security/spring-security-config/7.0.2/spring-security-config-7.0.2.jar
2026-02-11 12:31:36,587 [Worker-19: Importing Maven projects] INFO  o.e.m.j.i.AbstractJavaProjectConfigurator - Adding source folder /mm/src/main/java
2026-02-11 12:31:36,589 [Worker-19: Importing Maven projects] INFO  o.e.m.j.i.AbstractJavaProjectConfigurator - Adding resource folder /mm/src/main/resources
2026-02-11 12:31:36,599 [Worker-19: Importing Maven projects] INFO  o.e.m.j.i.AbstractJavaProjectConfigurator - Adding resource folder /mm/src/main/resources
2026-02-11 12:31:36,600 [Worker-19: Importing Maven projects] INFO  o.e.m.j.i.AbstractJavaProjectConfigurator - Adding source folder /mm/src/test/java
2026-02-11 12:31:36,601 [Worker-19: Importing Maven projects] INFO  o.e.m.j.i.AbstractJavaProjectConfigurator - Adding resource folder /mm/src/test/resources
2026-02-11 12:31:37,223 [Worker-19: Importing Maven projects] INFO  o.e.m.c.i.p.ProjectConfigurationManager - Imported and configured 1 project(s) in 5 sec
2026-02-11 12:31:37,477 [Worker-33: Download sources and javadoc] INFO  o.e.m.c.i.e.AbstractTransferListenerAdapter - Downloading https://repo.maven.apache.org/maven2/org/springframework/boot/spring-boot-starter-security/4.0.2/spring-boot-starter-security-4.0.2-sources.jar
2026-02-11 12:31:37,481 [Worker-33: Download sources and javadoc] INFO  o.e.m.c.i.e.AbstractTransferListenerAdapter - Downloaded https://repo.maven.apache.org/maven2/org/springframework/boot/spring-boot-starter-security/4.0.2/spring-boot-starter-security-4.0.2-sources.jar
2026-02-11 12:31:37,487 [Worker-33: Download sources and javadoc] INFO  o.e.m.j.internal.DownloadSourcesJob - Downloaded sources for org.springframework.boot:spring-boot-starter-security:4.0.2
2026-02-11 12:31:37,631 [Worker-33: Download sources and javadoc] INFO  o.e.m.c.i.e.AbstractTransferListenerAdapter - Downloading https://repo.maven.apache.org/maven2/org/springframework/boot/spring-boot-security/4.0.2/spring-boot-security-4.0.2-sources.jar
2026-02-11 12:31:37,655 [Worker-33: Download sources and javadoc] INFO  o.e.m.c.i.e.AbstractTransferListenerAdapter - Downloaded https://repo.maven.apache.org/maven2/org/springframework/boot/spring-boot-security/4.0.2/spring-boot-security-4.0.2-sources.jar
2026-02-11 12:31:37,659 [Worker-33: Download sources and javadoc] INFO  o.e.m.j.internal.DownloadSourcesJob - Downloaded sources for org.springframework.boot:spring-boot-security:4.0.2
2026-02-11 12:31:37,809 [Worker-33: Download sources and javadoc] INFO  o.e.m.c.i.e.AbstractTransferListenerAdapter - Downloading https://repo.maven.apache.org/maven2/org/springframework/security/spring-security-config/7.0.2/spring-security-config-7.0.2-sources.jar
2026-02-11 12:31:37,942 [Worker-33: Download sources and javadoc] INFO  o.e.m.c.i.e.AbstractTransferListenerAdapter - Downloaded https://repo.maven.apache.org/maven2/org/springframework/security/spring-security-config/7.0.2/spring-security-config-7.0.2-sources.jar
2026-02-11 12:31:37,947 [Worker-33: Download sources and javadoc] INFO  o.e.m.j.internal.DownloadSourcesJob - Downloaded sources for org.springframework.security:spring-security-config:7.0.2
2026-02-11 12:31:38,062 [Worker-33: Download sources and javadoc] INFO  o.e.m.c.i.e.AbstractTransferListenerAdapter - Downloading https://repo.maven.apache.org/maven2/org/springframework/security/spring-security-core/7.0.2/spring-security-core-7.0.2-sources.jar
2026-02-11 12:31:38,090 [Worker-25: Building] INFO  o.a.m.s.f.DefaultMavenResourcesFiltering - Copying 1 resource from src\main\resources to target\classes
2026-02-11 12:31:38,103 [Worker-25: Building] INFO  o.a.m.s.f.DefaultMavenResourcesFiltering - Copying 0 resource from src\main\resources to target\classes
2026-02-11 12:31:38,109 [Worker-25: Building] INFO  o.a.m.s.f.DefaultMavenResourcesFiltering - skip non existing resourceDirectory D:\JS+React\Micro Mentorship Project\mm\mm\src\test\resources
2026-02-11 12:31:38,171 [Worker-33: Download sources and javadoc] INFO  o.e.m.c.i.e.AbstractTransferListenerAdapter - Downloaded https://repo.maven.apache.org/maven2/org/springframework/security/spring-security-core/7.0.2/spring-security-core-7.0.2-sources.jar
2026-02-11 12:31:38,175 [Worker-33: Download sources and javadoc] INFO  o.e.m.j.internal.DownloadSourcesJob - Downloaded sources for org.springframework.security:spring-security-core:7.0.2
2026-02-11 12:31:38,356 [Worker-33: Download sources and javadoc] INFO  o.e.m.c.i.e.AbstractTransferListenerAdapter - Downloading https://repo.maven.apache.org/maven2/org/springframework/security/spring-security-crypto/7.0.2/spring-security-crypto-7.0.2-sources.jar
2026-02-11 12:31:38,374 [Worker-33: Download sources and javadoc] INFO  o.e.m.c.i.e.AbstractTransferListenerAdapter - Downloaded https://repo.maven.apache.org/maven2/org/springframework/security/spring-security-crypto/7.0.2/spring-security-crypto-7.0.2-sources.jar
2026-02-11 12:31:38,378 [Worker-33: Download sources and javadoc] INFO  o.e.m.j.internal.DownloadSourcesJob - Downloaded sources for org.springframework.security:spring-security-crypto:7.0.2
2026-02-11 12:31:38,513 [Worker-33: Download sources and javadoc] INFO  o.e.m.c.i.e.AbstractTransferListenerAdapter - Downloading https://repo.maven.apache.org/maven2/org/springframework/security/spring-security-web/7.0.2/spring-security-web-7.0.2-sources.jar
2026-02-11 12:31:38,669 [Worker-33: Download sources and javadoc] INFO  o.e.m.c.i.e.AbstractTransferListenerAdapter - Downloaded https://repo.maven.apache.org/maven2/org/springframework/security/spring-security-web/7.0.2/spring-security-web-7.0.2-sources.jar
2026-02-11 12:31:38,674 [Worker-33: Download sources and javadoc] INFO  o.e.m.j.internal.DownloadSourcesJob - Downloaded sources for org.springframework.security:spring-security-web:7.0.2
2026-02-11 12:31:38,901 [Worker-33: Download sources and javadoc] INFO  o.e.m.c.i.e.AbstractTransferListenerAdapter - Downloading https://repo.maven.apache.org/maven2/org/springframework/boot/spring-boot-starter-validation/4.0.2/spring-boot-starter-validation-4.0.2-sources.jar
2026-02-11 12:31:38,905 [Worker-33: Download sources and javadoc] INFO  o.e.m.c.i.e.AbstractTransferListenerAdapter - Downloaded https://repo.maven.apache.org/maven2/org/springframework/boot/spring-boot-starter-validation/4.0.2/spring-boot-starter-validation-4.0.2-sources.jar
2026-02-11 12:31:38,910 [Worker-33: Download sources and javadoc] INFO  o.e.m.j.internal.DownloadSourcesJob - Downloaded sources for org.springframework.boot:spring-boot-starter-validation:4.0.2
2026-02-11 12:31:39,116 [Worker-33: Download sources and javadoc] INFO  o.e.m.c.i.e.AbstractTransferListenerAdapter - Downloading https://repo.maven.apache.org/maven2/org/springframework/boot/spring-boot-validation/4.0.2/spring-boot-validation-4.0.2-sources.jar
2026-02-11 12:31:39,120 [Worker-33: Download sources and javadoc] INFO  o.e.m.c.i.e.AbstractTransferListenerAdapter - Downloaded https://repo.maven.apache.org/maven2/org/springframework/boot/spring-boot-validation/4.0.2/spring-boot-validation-4.0.2-sources.jar
2026-02-11 12:31:39,124 [Worker-33: Download sources and javadoc] INFO  o.e.m.j.internal.DownloadSourcesJob - Downloaded sources for org.springframework.boot:spring-boot-validation:4.0.2
2026-02-11 12:31:39,368 [Worker-33: Download sources and javadoc] INFO  o.e.m.c.i.e.AbstractTransferListenerAdapter - Downloading https://repo.maven.apache.org/maven2/org/hibernate/validator/hibernate-validator/9.0.1.Final/hibernate-validator-9.0.1.Final-sources.jar
2026-02-11 12:31:39,532 [Worker-33: Download sources and javadoc] INFO  o.e.m.c.i.e.AbstractTransferListenerAdapter - Downloaded https://repo.maven.apache.org/maven2/org/hibernate/validator/hibernate-validator/9.0.1.Final/hibernate-validator-9.0.1.Final-sources.jar
2026-02-11 12:31:39,536 [Worker-33: Download sources and javadoc] INFO  o.e.m.j.internal.DownloadSourcesJob - Downloaded sources for org.hibernate.validator:hibernate-validator:9.0.1.Final
2026-02-11 12:31:39,685 [Worker-33: Download sources and javadoc] INFO  o.e.m.c.i.e.AbstractTransferListenerAdapter - Downloading https://repo.maven.apache.org/maven2/jakarta/validation/jakarta.validation-api/3.1.1/jakarta.validation-api-3.1.1-sources.jar
2026-02-11 12:31:39,705 [Worker-33: Download sources and javadoc] INFO  o.e.m.c.i.e.AbstractTransferListenerAdapter - Downloaded https://repo.maven.apache.org/maven2/jakarta/validation/jakarta.validation-api/3.1.1/jakarta.validation-api-3.1.1-sources.jar
2026-02-11 12:31:39,709 [Worker-33: Download sources and javadoc] INFO  o.e.m.j.internal.DownloadSourcesJob - Downloaded sources for jakarta.validation:jakarta.validation-api:3.1.1
2026-02-11 12:31:39,847 [Worker-33: Download sources and javadoc] INFO  o.e.m.c.i.e.AbstractTransferListenerAdapter - Downloading https://repo.maven.apache.org/maven2/org/projectlombok/lombok/1.18.42/lombok-1.18.42-sources.jar
2026-02-11 12:31:40,100 [Worker-33: Download sources and javadoc] INFO  o.e.m.c.i.e.AbstractTransferListenerAdapter - Downloaded https://repo.maven.apache.org/maven2/org/projectlombok/lombok/1.18.42/lombok-1.18.42-sources.jar
2026-02-11 12:31:40,104 [Worker-33: Download sources and javadoc] INFO  o.e.m.j.internal.DownloadSourcesJob - Downloaded sources for org.projectlombok:lombok:1.18.42
2026-02-11 12:31:40,262 [Worker-33: Download sources and javadoc] INFO  o.e.m.c.i.e.AbstractTransferListenerAdapter - Downloading https://repo.maven.apache.org/maven2/org/springframework/boot/spring-boot-starter-security-test/4.0.2/spring-boot-starter-security-test-4.0.2-sources.jar
2026-02-11 12:31:40,265 [Worker-33: Download sources and javadoc] INFO  o.e.m.c.i.e.AbstractTransferListenerAdapter - Downloaded https://repo.maven.apache.org/maven2/org/springframework/boot/spring-boot-starter-security-test/4.0.2/spring-boot-starter-security-test-4.0.2-sources.jar
2026-02-11 12:31:40,268 [Worker-33: Download sources and javadoc] INFO  o.e.m.j.internal.DownloadSourcesJob - Downloaded sources for org.springframework.boot:spring-boot-starter-security-test:4.0.2
2026-02-11 12:31:40,429 [Worker-33: Download sources and javadoc] INFO  o.e.m.c.i.e.AbstractTransferListenerAdapter - Downloading https://repo.maven.apache.org/maven2/org/springframework/boot/spring-boot-security-test/4.0.2/spring-boot-security-test-4.0.2-sources.jar
2026-02-11 12:31:40,432 [Worker-33: Download sources and javadoc] INFO  o.e.m.c.i.e.AbstractTransferListenerAdapter - Downloaded https://repo.maven.apache.org/maven2/org/springframework/boot/spring-boot-security-test/4.0.2/spring-boot-security-test-4.0.2-sources.jar
2026-02-11 12:31:40,437 [Worker-33: Download sources and javadoc] INFO  o.e.m.j.internal.DownloadSourcesJob - Downloaded sources for org.springframework.boot:spring-boot-security-test:4.0.2
2026-02-11 12:31:40,596 [Worker-33: Download sources and javadoc] INFO  o.e.m.c.i.e.AbstractTransferListenerAdapter - Downloading https://repo.maven.apache.org/maven2/org/springframework/security/spring-security-test/7.0.2/spring-security-test-7.0.2-sources.jar
2026-02-11 12:31:40,628 [Worker-33: Download sources and javadoc] INFO  o.e.m.c.i.e.AbstractTransferListenerAdapter - Downloaded https://repo.maven.apache.org/maven2/org/springframework/security/spring-security-test/7.0.2/spring-security-test-7.0.2-sources.jar
2026-02-11 12:31:40,632 [Worker-33: Download sources and javadoc] INFO  o.e.m.j.internal.DownloadSourcesJob - Downloaded sources for org.springframework.security:spring-security-test:7.0.2
2026-02-11 12:31:40,734 [Worker-33: Download sources and javadoc] INFO  o.e.m.c.i.e.AbstractTransferListenerAdapter - Downloading https://repo.maven.apache.org/maven2/org/springframework/boot/spring-boot-starter-validation-test/4.0.2/spring-boot-starter-validation-test-4.0.2-sources.jar
2026-02-11 12:31:40,754 [Worker-33: Download sources and javadoc] INFO  o.e.m.c.i.e.AbstractTransferListenerAdapter - Downloaded https://repo.maven.apache.org/maven2/org/springframework/boot/spring-boot-starter-validation-test/4.0.2/spring-boot-starter-validation-test-4.0.2-sources.jar
2026-02-11 12:31:40,758 [Worker-33: Download sources and javadoc] INFO  o.e.m.j.internal.DownloadSourcesJob - Downloaded sources for org.springframework.boot:spring-boot-starter-validation-test:4.0.2
2026-02-11 12:52:30,591 [Worker-9: Building] INFO  o.a.m.s.f.DefaultMavenResourcesFiltering - Copying 1 resource from src\main\resources to target\classes
2026-02-11 12:52:30,618 [Worker-9: Building] INFO  o.a.m.s.f.DefaultMavenResourcesFiltering - Copying 0 resource from src\main\resources to target\classes
2026-02-11 12:52:30,621 [Worker-9: Building] INFO  o.a.m.s.f.DefaultMavenResourcesFiltering - skip non existing resourceDirectory D:\JS+React\Micro Mentorship Project\mm\mm\src\test\resources
2026-02-11 12:58:18,928 [Worker-4: Loading available Gradle versions] INFO  o.e.b.c.i.u.g.PublishedGradleVersions - Gradle version information cache is up-to-date. Trying to read.
2026-02-11 13:08:31,645 [Worker-14: Building] INFO  o.a.m.s.f.DefaultMavenResourcesFiltering - Copying 1 resource from src\main\resources to target\classes
2026-02-11 13:08:31,670 [Worker-14: Building] INFO  o.a.m.s.f.DefaultMavenResourcesFiltering - Copying 0 resource from src\main\resources to target\classes
2026-02-11 13:08:31,678 [Worker-14: Building] INFO  o.a.m.s.f.DefaultMavenResourcesFiltering - skip non existing resourceDirectory D:\JS+React\Micro Mentorship Project\mm\mm\src\test\resources
2026-02-11 13:11:25,990 [Worker-14: Building] INFO  o.a.m.s.f.DefaultMavenResourcesFiltering - Copying 1 resource from src\main\resources to target\classes
2026-02-11 13:11:25,994 [Worker-14: Building] INFO  o.a.m.s.f.DefaultMavenResourcesFiltering - Copying 0 resource from src\main\resources to target\classes
2026-02-11 13:11:25,997 [Worker-14: Building] INFO  o.a.m.s.f.DefaultMavenResourcesFiltering - skip non existing resourceDirectory D:\JS+React\Micro Mentorship Project\mm\mm\src\test\resources
2026-02-11 13:11:49,693 [Worker-14: Building] INFO  o.a.m.s.f.DefaultMavenResourcesFiltering - Copying 1 resource from src\main\resources to target\classes
2026-02-11 13:11:49,697 [Worker-14: Building] INFO  o.a.m.s.f.DefaultMavenResourcesFiltering - Copying 0 resource from src\main\resources to target\classes
2026-02-11 13:11:49,700 [Worker-14: Building] INFO  o.a.m.s.f.DefaultMavenResourcesFiltering - skip non existing resourceDirectory D:\JS+React\Micro Mentorship Project\mm\mm\src\test\resources
2026-02-11 13:13:36,351 [Worker-14: Building] INFO  o.a.m.s.f.DefaultMavenResourcesFiltering - Copying 1 resource from src\main\resources to target\classes
2026-02-11 13:13:36,354 [Worker-14: Building] INFO  o.a.m.s.f.DefaultMavenResourcesFiltering - Copying 0 resource from src\main\resources to target\classes
2026-02-11 13:13:36,357 [Worker-14: Building] INFO  o.a.m.s.f.DefaultMavenResourcesFiltering - skip non existing resourceDirectory D:\JS+React\Micro Mentorship Project\mm\mm\src\test\resources
2026-02-11 13:17:05,124 [Worker-37: Building] INFO  o.a.m.s.f.DefaultMavenResourcesFiltering - Copying 1 resource from src\main\resources to target\classes
2026-02-11 13:17:05,127 [Worker-37: Building] INFO  o.a.m.s.f.DefaultMavenResourcesFiltering - Copying 0 resource from src\main\resources to target\classes
2026-02-11 13:17:05,129 [Worker-37: Building] INFO  o.a.m.s.f.DefaultMavenResourcesFiltering - skip non existing resourceDirectory D:\JS+React\Micro Mentorship Project\mm\mm\src\test\resources
2026-02-11 13:17:36,693 [Worker-38: Building] INFO  o.a.m.s.f.DefaultMavenResourcesFiltering - Copying 1 resource from src\main\resources to target\classes
2026-02-11 13:17:36,697 [Worker-38: Building] INFO  o.a.m.s.f.DefaultMavenResourcesFiltering - Copying 0 resource from src\main\resources to target\classes
2026-02-11 13:17:36,699 [Worker-38: Building] INFO  o.a.m.s.f.DefaultMavenResourcesFiltering - skip non existing resourceDirectory D:\JS+React\Micro Mentorship Project\mm\mm\src\test\resources
2026-02-11 13:17:49,250 [Worker-37: Building] INFO  o.a.m.s.f.DefaultMavenResourcesFiltering - Copying 1 resource from src\main\resources to target\classes
2026-02-11 13:17:49,254 [Worker-37: Building] INFO  o.a.m.s.f.DefaultMavenResourcesFiltering - Copying 0 resource from src\main\resources to target\classes
2026-02-11 13:17:49,256 [Worker-37: Building] INFO  o.a.m.s.f.DefaultMavenResourcesFiltering - skip non existing resourceDirectory D:\JS+React\Micro Mentorship Project\mm\mm\src\test\resources
2026-02-11 13:18:37,561 [Worker-35: Building] INFO  o.a.m.s.f.DefaultMavenResourcesFiltering - Copying 1 resource from src\main\resources to target\classes
2026-02-11 13:18:37,564 [Worker-35: Building] INFO  o.a.m.s.f.DefaultMavenResourcesFiltering - Copying 0 resource from src\main\resources to target\classes
2026-02-11 13:18:37,566 [Worker-35: Building] INFO  o.a.m.s.f.DefaultMavenResourcesFiltering - skip non existing resourceDirectory D:\JS+React\Micro Mentorship Project\mm\mm\src\test\resources
2026-02-11 13:19:37,031 [Worker-8: Building] INFO  o.a.m.s.f.DefaultMavenResourcesFiltering - Copying 1 resource from src\main\resources to target\classes
2026-02-11 13:19:37,034 [Worker-8: Building] INFO  o.a.m.s.f.DefaultMavenResourcesFiltering - Copying 0 resource from src\main\resources to target\classes
2026-02-11 13:19:37,036 [Worker-8: Building] INFO  o.a.m.s.f.DefaultMavenResourcesFiltering - skip non existing resourceDirectory D:\JS+React\Micro Mentorship Project\mm\mm\src\test\resources
2026-02-11 13:23:16,196 [Worker-8: Building] INFO  o.a.m.s.f.DefaultMavenResourcesFiltering - Copying 1 resource from src\main\resources to target\classes
2026-02-11 13:23:16,203 [Worker-8: Building] INFO  o.a.m.s.f.DefaultMavenResourcesFiltering - Copying 0 resource from src\main\resources to target\classes
2026-02-11 13:23:16,207 [Worker-8: Building] INFO  o.a.m.s.f.DefaultMavenResourcesFiltering - skip non existing resourceDirectory D:\JS+React\Micro Mentorship Project\mm\mm\src\test\resources
2026-02-11 13:23:47,063 [Worker-39: Building] INFO  o.a.m.s.f.DefaultMavenResourcesFiltering - Copying 1 resource from src\main\resources to target\classes
2026-02-11 13:23:47,067 [Worker-39: Building] INFO  o.a.m.s.f.DefaultMavenResourcesFiltering - Copying 0 resource from src\main\resources to target\classes
2026-02-11 13:23:47,069 [Worker-39: Building] INFO  o.a.m.s.f.DefaultMavenResourcesFiltering - skip non existing resourceDirectory D:\JS+React\Micro Mentorship Project\mm\mm\src\test\resources
2026-02-11 13:24:24,057 [Worker-39: Building] INFO  o.a.m.s.f.DefaultMavenResourcesFiltering - Copying 1 resource from src\main\resources to target\classes
2026-02-11 13:24:24,070 [Worker-39: Building] INFO  o.a.m.s.f.DefaultMavenResourcesFiltering - Copying 0 resource from src\main\resources to target\classes
2026-02-11 13:24:24,074 [Worker-39: Building] INFO  o.a.m.s.f.DefaultMavenResourcesFiltering - skip non existing resourceDirectory D:\JS+React\Micro Mentorship Project\mm\mm\src\test\resources
2026-02-11 13:24:45,883 [Worker-38: Building] INFO  o.a.m.s.f.DefaultMavenResourcesFiltering - Copying 1 resource from src\main\resources to target\classes
2026-02-11 13:24:45,887 [Worker-38: Building] INFO  o.a.m.s.f.DefaultMavenResourcesFiltering - Copying 0 resource from src\main\resources to target\classes
2026-02-11 13:24:45,889 [Worker-38: Building] INFO  o.a.m.s.f.DefaultMavenResourcesFiltering - skip non existing resourceDirectory D:\JS+React\Micro Mentorship Project\mm\mm\src\test\resources
2026-02-11 13:25:14,393 [Worker-40: Building] INFO  o.a.m.s.f.DefaultMavenResourcesFiltering - Copying 1 resource from src\main\resources to target\classes
2026-02-11 13:25:14,399 [Worker-40: Building] INFO  o.a.m.s.f.DefaultMavenResourcesFiltering - Copying 0 resource from src\main\resources to target\classes
2026-02-11 13:25:14,401 [Worker-40: Building] INFO  o.a.m.s.f.DefaultMavenResourcesFiltering - skip non existing resourceDirectory D:\JS+React\Micro Mentorship Project\mm\mm\src\test\resources
2026-02-11 13:29:28,771 [Worker-40: Building] INFO  o.a.m.s.f.DefaultMavenResourcesFiltering - Copying 1 resource from src\main\resources to target\classes
2026-02-11 13:29:28,775 [Worker-40: Building] INFO  o.a.m.s.f.DefaultMavenResourcesFiltering - Copying 0 resource from src\main\resources to target\classes
2026-02-11 13:29:28,777 [Worker-40: Building] INFO  o.a.m.s.f.DefaultMavenResourcesFiltering - skip non existing resourceDirectory D:\JS+React\Micro Mentorship Project\mm\mm\src\test\resources
2026-02-11 13:36:04,888 [Worker-39: Building] INFO  o.a.m.s.f.DefaultMavenResourcesFiltering - Copying 1 resource from src\main\resources to target\classes
2026-02-11 13:36:04,894 [Worker-39: Building] INFO  o.a.m.s.f.DefaultMavenResourcesFiltering - Copying 0 resource from src\main\resources to target\classes
2026-02-11 13:36:04,897 [Worker-39: Building] INFO  o.a.m.s.f.DefaultMavenResourcesFiltering - skip non existing resourceDirectory D:\JS+React\Micro Mentorship Project\mm\mm\src\test\resources
2026-02-11 13:36:22,225 [Worker-6: Loading available Gradle versions] INFO  o.e.b.c.i.u.g.PublishedGradleVersions - Gradle version information cache is up-to-date. Trying to read.
2026-02-11 13:39:32,933 [Worker-23: Building] INFO  o.e.m.c.i.l.LifecycleMappingFactory - Using org.eclipse.m2e.jdt.JarLifecycleMapping lifecycle mapping for MavenProject: com.micromentorship:mm:0.0.1-SNAPSHOT @ D:\JS+React\Micro Mentorship Project\mm\mm\pom.xml.
2026-02-11 13:39:33,291 [Worker-23: Building] INFO  o.e.m.c.i.e.AbstractTransferListenerAdapter - Downloading https://repo.maven.apache.org/maven2/org/projectlombok/lombok/1.18.34/lombok-1.18.34.pom
2026-02-11 13:39:33,304 [Worker-23: Building] INFO  o.e.m.c.i.e.AbstractTransferListenerAdapter - Downloaded https://repo.maven.apache.org/maven2/org/projectlombok/lombok/1.18.34/lombok-1.18.34.pom
2026-02-11 13:39:33,541 [Worker-23: Building] INFO  o.e.m.c.i.e.AbstractTransferListenerAdapter - Downloading https://repo.maven.apache.org/maven2/org/projectlombok/lombok/1.18.34/lombok-1.18.34.jar
2026-02-11 13:39:33,663 [Worker-23: Building] INFO  o.e.m.c.i.e.AbstractTransferListenerAdapter - Downloaded https://repo.maven.apache.org/maven2/org/projectlombok/lombok/1.18.34/lombok-1.18.34.jar
2026-02-11 13:39:34,625 [Worker-23: Building] INFO  o.a.m.s.f.DefaultMavenResourcesFiltering - Copying 1 resource from src\main\resources to target\classes
2026-02-11 13:39:34,806 [Worker-23: Building] INFO  o.a.m.s.f.DefaultMavenResourcesFiltering - Copying 0 resource from src\main\resources to target\classes
2026-02-11 13:39:34,814 [Worker-23: Building] INFO  o.a.m.s.f.DefaultMavenResourcesFiltering - skip non existing resourceDirectory D:\JS+React\Micro Mentorship Project\mm\mm\src\test\resources
2026-02-11 13:39:35,211 [Worker-7: Download sources and javadoc] INFO  o.e.m.c.i.e.AbstractTransferListenerAdapter - Downloading https://repo.maven.apache.org/maven2/org/projectlombok/lombok/1.18.34/lombok-1.18.34-sources.jar
2026-02-11 13:39:35,296 [Worker-7: Download sources and javadoc] INFO  o.e.m.c.i.e.AbstractTransferListenerAdapter - Downloaded https://repo.maven.apache.org/maven2/org/projectlombok/lombok/1.18.34/lombok-1.18.34-sources.jar
2026-02-11 13:39:35,298 [Worker-7: Download sources and javadoc] INFO  o.e.m.j.internal.DownloadSourcesJob - Downloaded sources for org.projectlombok:lombok:1.18.34
2026-02-11 13:39:36,253 [Worker-14: Building] INFO  o.a.m.s.f.DefaultMavenResourcesFiltering - Copying 1 resource from src\main\resources to target\classes
2026-02-11 13:39:36,261 [Worker-14: Building] INFO  o.a.m.s.f.DefaultMavenResourcesFiltering - Copying 0 resource from src\main\resources to target\classes
2026-02-11 13:39:36,264 [Worker-14: Building] INFO  o.a.m.s.f.DefaultMavenResourcesFiltering - skip non existing resourceDirectory D:\JS+React\Micro Mentorship Project\mm\mm\src\test\resources
2026-02-11 13:39:57,747 [Worker-14: Updating Maven Project] INFO  o.e.m.c.i.p.ProjectConfigurationManager - Update started
2026-02-11 13:39:57,979 [Worker-14: Updating Maven Project] INFO  o.e.m.c.i.l.LifecycleMappingFactory - Using org.eclipse.m2e.jdt.JarLifecycleMapping lifecycle mapping for MavenProject: com.micromentorship:mm:0.0.1-SNAPSHOT @ D:\JS+React\Micro Mentorship Project\mm\mm\pom.xml.
2026-02-11 13:39:58,523 [Worker-14: Updating Maven Project] INFO  o.e.m.j.i.AbstractJavaProjectConfigurator - Adding source folder /mm/src/main/java
2026-02-11 13:39:58,525 [Worker-14: Updating Maven Project] INFO  o.e.m.j.i.AbstractJavaProjectConfigurator - Adding resource folder /mm/src/main/resources
2026-02-11 13:39:58,526 [Worker-14: Updating Maven Project] INFO  o.e.m.j.i.AbstractJavaProjectConfigurator - Adding resource folder /mm/src/main/resources
2026-02-11 13:39:58,526 [Worker-14: Updating Maven Project] INFO  o.e.m.j.i.AbstractJavaProjectConfigurator - Adding source folder /mm/src/test/java
2026-02-11 13:39:58,527 [Worker-14: Updating Maven Project] INFO  o.e.m.j.i.AbstractJavaProjectConfigurator - Adding resource folder /mm/src/test/resources
2026-02-11 13:39:58,715 [Worker-14: Updating Maven Project] INFO  o.e.m.c.i.p.ProjectConfigurationManager - Update completed for 1 poms: local refresh takes 0.00 sec, refresh facades takes 0.00 sec, update config takes 0.00 sec 
2026-02-11 13:39:58,968 [Worker-14: Building] INFO  o.a.m.s.f.DefaultMavenResourcesFiltering - Copying 1 resource from src\main\resources to target\classes
2026-02-11 13:39:58,979 [Worker-14: Building] INFO  o.a.m.s.f.DefaultMavenResourcesFiltering - Copying 0 resource from src\main\resources to target\classes
2026-02-11 13:39:58,984 [Worker-14: Building] INFO  o.a.m.s.f.DefaultMavenResourcesFiltering - skip non existing resourceDirectory D:\JS+React\Micro Mentorship Project\mm\mm\src\test\resources
2026-02-11 13:40:35,209 [Worker-7: Updating Maven Project] INFO  o.e.m.c.i.p.ProjectConfigurationManager - Update started
2026-02-11 13:40:35,431 [Worker-7: Updating Maven Project] INFO  o.e.m.c.i.l.LifecycleMappingFactory - Using org.eclipse.m2e.jdt.JarLifecycleMapping lifecycle mapping for MavenProject: com.micromentorship:mm:0.0.1-SNAPSHOT @ D:\JS+React\Micro Mentorship Project\mm\mm\pom.xml.
2026-02-11 13:40:35,824 [Worker-7: Updating Maven Project] INFO  o.e.m.j.i.AbstractJavaProjectConfigurator - Adding source folder /mm/src/main/java
2026-02-11 13:40:35,824 [Worker-7: Updating Maven Project] INFO  o.e.m.j.i.AbstractJavaProjectConfigurator - Adding resource folder /mm/src/main/resources
2026-02-11 13:40:35,825 [Worker-7: Updating Maven Project] INFO  o.e.m.j.i.AbstractJavaProjectConfigurator - Adding resource folder /mm/src/main/resources
2026-02-11 13:40:35,825 [Worker-7: Updating Maven Project] INFO  o.e.m.j.i.AbstractJavaProjectConfigurator - Adding source folder /mm/src/test/java
2026-02-11 13:40:35,825 [Worker-7: Updating Maven Project] INFO  o.e.m.j.i.AbstractJavaProjectConfigurator - Adding resource folder /mm/src/test/resources
2026-02-11 13:40:35,979 [Worker-7: Updating Maven Project] INFO  o.e.m.c.i.p.ProjectConfigurationManager - Update completed for 1 poms: local refresh takes 0.00 sec, refresh facades takes 0.00 sec, update config takes 0.00 sec 
2026-02-11 13:40:36,193 [Worker-15: Building] INFO  o.a.m.s.f.DefaultMavenResourcesFiltering - Copying 1 resource from src\main\resources to target\classes
2026-02-11 13:40:36,211 [Worker-15: Building] INFO  o.a.m.s.f.DefaultMavenResourcesFiltering - Copying 0 resource from src\main\resources to target\classes
2026-02-11 13:40:36,215 [Worker-15: Building] INFO  o.a.m.s.f.DefaultMavenResourcesFiltering - skip non existing resourceDirectory D:\JS+React\Micro Mentorship Project\mm\mm\src\test\resources
2026-02-11 13:41:00,885 [Worker-2: Loading available Gradle versions] INFO  o.e.b.c.i.u.g.PublishedGradleVersions - Gradle version information cache is up-to-date. Trying to read.
2026-02-11 13:42:35,310 [Worker-6: Building] INFO  o.a.m.s.f.DefaultMavenResourcesFiltering - Copying 1 resource from src\main\resources to target\classes
2026-02-11 13:42:35,341 [Worker-6: Building] INFO  o.a.m.s.f.DefaultMavenResourcesFiltering - Copying 0 resource from src\main\resources to target\classes
2026-02-11 13:42:35,353 [Worker-6: Building] INFO  o.a.m.s.f.DefaultMavenResourcesFiltering - skip non existing resourceDirectory D:\JS+React\Micro Mentorship Project\mm\mm\src\test\resources
2026-02-11 14:52:35,464 [Worker-0: Rebuilding] INFO  o.a.m.s.f.DefaultMavenResourcesFiltering - Copying 1 resource from src\main\resources to target\classes
2026-02-11 14:52:35,477 [Worker-0: Rebuilding] INFO  o.a.m.s.f.DefaultMavenResourcesFiltering - Copying 0 resource from src\main\resources to target\classes
2026-02-11 14:52:35,480 [Worker-0: Rebuilding] INFO  o.a.m.s.f.DefaultMavenResourcesFiltering - skip non existing resourceDirectory D:\JS+React\Micro Mentorship Project\mm\mm\src\test\resources
2026-02-11 14:54:32,076 [Worker-36: Updating Maven Project] INFO  o.e.m.c.i.p.ProjectConfigurationManager - Update started
2026-02-11 14:54:32,601 [Worker-36: Updating Maven Project] INFO  o.e.m.c.i.l.LifecycleMappingFactory - Using org.eclipse.m2e.jdt.JarLifecycleMapping lifecycle mapping for MavenProject: com.micromentorship:mm:0.0.1-SNAPSHOT @ D:\JS+React\Micro Mentorship Project\mm\mm\pom.xml.
2026-02-11 14:54:33,159 [Worker-36: Updating Maven Project] INFO  o.e.m.j.i.AbstractJavaProjectConfigurator - Adding source folder /mm/src/main/java
2026-02-11 14:54:33,161 [Worker-36: Updating Maven Project] INFO  o.e.m.j.i.AbstractJavaProjectConfigurator - Adding resource folder /mm/src/main/resources
2026-02-11 14:54:33,161 [Worker-36: Updating Maven Project] INFO  o.e.m.j.i.AbstractJavaProjectConfigurator - Adding resource folder /mm/src/main/resources
2026-02-11 14:54:33,162 [Worker-36: Updating Maven Project] INFO  o.e.m.j.i.AbstractJavaProjectConfigurator - Adding source folder /mm/src/test/java
2026-02-11 14:54:33,162 [Worker-36: Updating Maven Project] INFO  o.e.m.j.i.AbstractJavaProjectConfigurator - Adding resource folder /mm/src/test/resources
2026-02-11 14:54:33,342 [Worker-36: Updating Maven Project] INFO  o.e.m.c.i.p.ProjectConfigurationManager - Update completed for 1 poms: local refresh takes 0.00 sec, refresh facades takes 0.00 sec, update config takes 0.00 sec 
2026-02-11 14:54:33,560 [Worker-36: Building] INFO  o.a.m.s.f.DefaultMavenResourcesFiltering - Copying 1 resource from src\main\resources to target\classes
2026-02-11 14:54:33,567 [Worker-36: Building] INFO  o.a.m.s.f.DefaultMavenResourcesFiltering - Copying 0 resource from src\main\resources to target\classes
2026-02-11 14:54:33,570 [Worker-36: Building] INFO  o.a.m.s.f.DefaultMavenResourcesFiltering - skip non existing resourceDirectory D:\JS+React\Micro Mentorship Project\mm\mm\src\test\resources
2026-02-11 14:56:41,502 [Worker-35: Building] INFO  o.a.m.s.f.DefaultMavenResourcesFiltering - Copying 1 resource from src\main\resources to target\classes
2026-02-11 14:56:41,503 [Worker-35: Building] INFO  o.a.m.s.f.DefaultMavenResourcesFiltering - Copying 0 resource from src\main\resources to target\classes
2026-02-11 14:56:41,506 [Worker-35: Building] INFO  o.a.m.s.f.DefaultMavenResourcesFiltering - skip non existing resourceDirectory D:\JS+React\Micro Mentorship Project\mm\mm\src\test\resources
2026-02-11 14:56:50,431 [Worker-35: Building] INFO  o.a.m.s.f.DefaultMavenResourcesFiltering - Copying 1 resource from src\main\resources to target\classes
2026-02-11 14:56:50,435 [Worker-35: Building] INFO  o.a.m.s.f.DefaultMavenResourcesFiltering - Copying 0 resource from src\main\resources to target\classes
2026-02-11 14:56:50,439 [Worker-35: Building] INFO  o.a.m.s.f.DefaultMavenResourcesFiltering - skip non existing resourceDirectory D:\JS+React\Micro Mentorship Project\mm\mm\src\test\resources
2026-02-11 19:45:27,712 [Worker-46: Building] INFO  o.a.m.s.f.DefaultMavenResourcesFiltering - Copying 1 resource from src\main\resources to target\classes
2026-02-11 19:45:27,729 [Worker-46: Building] INFO  o.a.m.s.f.DefaultMavenResourcesFiltering - Copying 0 resource from src\main\resources to target\classes
2026-02-11 19:45:27,732 [Worker-46: Building] INFO  o.a.m.s.f.DefaultMavenResourcesFiltering - skip non existing resourceDirectory D:\JS+React\Micro Mentorship Project\mm\mm\src\test\resources
2026-02-11 19:45:38,728 [Worker-49: Building] INFO  o.a.m.s.f.DefaultMavenResourcesFiltering - Copying 1 resource from src\main\resources to target\classes
2026-02-11 19:45:38,797 [Worker-49: Building] INFO  o.a.m.s.f.DefaultMavenResourcesFiltering - Copying 0 resource from src\main\resources to target\classes
2026-02-11 19:45:38,802 [Worker-49: Building] INFO  o.a.m.s.f.DefaultMavenResourcesFiltering - skip non existing resourceDirectory D:\JS+React\Micro Mentorship Project\mm\mm\src\test\resources
2026-02-11 19:45:52,287 [Worker-49: Building] INFO  o.a.m.s.f.DefaultMavenResourcesFiltering - Copying 1 resource from src\main\resources to target\classes
2026-02-11 19:45:52,291 [Worker-49: Building] INFO  o.a.m.s.f.DefaultMavenResourcesFiltering - Copying 0 resource from src\main\resources to target\classes
2026-02-11 19:45:52,292 [Worker-49: Building] INFO  o.a.m.s.f.DefaultMavenResourcesFiltering - skip non existing resourceDirectory D:\JS+React\Micro Mentorship Project\mm\mm\src\test\resources
2026-02-11 19:46:09,792 [Worker-46: Building] INFO  o.a.m.s.f.DefaultMavenResourcesFiltering - Copying 1 resource from src\main\resources to target\classes
2026-02-11 19:46:09,797 [Worker-46: Building] INFO  o.a.m.s.f.DefaultMavenResourcesFiltering - Copying 0 resource from src\main\resources to target\classes
2026-02-11 19:46:09,799 [Worker-46: Building] INFO  o.a.m.s.f.DefaultMavenResourcesFiltering - skip non existing resourceDirectory D:\JS+React\Micro Mentorship Project\mm\mm\src\test\resources
2026-02-11 19:46:41,717 [Worker-44: Building] INFO  o.a.m.s.f.DefaultMavenResourcesFiltering - Copying 1 resource from src\main\resources to target\classes
2026-02-11 19:46:41,733 [Worker-44: Building] INFO  o.a.m.s.f.DefaultMavenResourcesFiltering - Copying 0 resource from src\main\resources to target\classes
2026-02-11 19:46:41,735 [Worker-44: Building] INFO  o.a.m.s.f.DefaultMavenResourcesFiltering - skip non existing resourceDirectory D:\JS+React\Micro Mentorship Project\mm\mm\src\test\resources
2026-02-11 19:49:36,357 [Worker-49: Building] INFO  o.a.m.s.f.DefaultMavenResourcesFiltering - Copying 1 resource from src\main\resources to target\classes
2026-02-11 19:49:36,363 [Worker-49: Building] INFO  o.a.m.s.f.DefaultMavenResourcesFiltering - Copying 0 resource from src\main\resources to target\classes
2026-02-11 19:49:36,365 [Worker-49: Building] INFO  o.a.m.s.f.DefaultMavenResourcesFiltering - skip non existing resourceDirectory D:\JS+React\Micro Mentorship Project\mm\mm\src\test\resources
2026-02-11 19:59:36,979 [Worker-47: Building] INFO  o.a.m.s.f.DefaultMavenResourcesFiltering - Copying 1 resource from src\main\resources to target\classes
2026-02-11 19:59:36,986 [Worker-47: Building] INFO  o.a.m.s.f.DefaultMavenResourcesFiltering - Copying 0 resource from src\main\resources to target\classes
2026-02-11 19:59:36,990 [Worker-47: Building] INFO  o.a.m.s.f.DefaultMavenResourcesFiltering - skip non existing resourceDirectory D:\JS+React\Micro Mentorship Project\mm\mm\src\test\resources
2026-02-11 20:00:36,165 [Worker-47: Building] INFO  o.a.m.s.f.DefaultMavenResourcesFiltering - Copying 1 resource from src\main\resources to target\classes
2026-02-11 20:00:36,171 [Worker-47: Building] INFO  o.a.m.s.f.DefaultMavenResourcesFiltering - Copying 0 resource from src\main\resources to target\classes
2026-02-11 20:00:36,176 [Worker-47: Building] INFO  o.a.m.s.f.DefaultMavenResourcesFiltering - skip non existing resourceDirectory D:\JS+React\Micro Mentorship Project\mm\mm\src\test\resources
2026-02-11 20:02:49,001 [Worker-50: Building] INFO  o.a.m.s.f.DefaultMavenResourcesFiltering - Copying 1 resource from src\main\resources to target\classes
2026-02-11 20:02:49,005 [Worker-50: Building] INFO  o.a.m.s.f.DefaultMavenResourcesFiltering - Copying 0 resource from src\main\resources to target\classes
2026-02-11 20:02:49,008 [Worker-50: Building] INFO  o.a.m.s.f.DefaultMavenResourcesFiltering - skip non existing resourceDirectory D:\JS+React\Micro Mentorship Project\mm\mm\src\test\resources
2026-02-11 20:08:07,289 [Worker-47: Building] INFO  o.a.m.s.f.DefaultMavenResourcesFiltering - Copying 1 resource from src\main\resources to target\classes
2026-02-11 20:08:07,295 [Worker-47: Building] INFO  o.a.m.s.f.DefaultMavenResourcesFiltering - Copying 0 resource from src\main\resources to target\classes
2026-02-11 20:08:07,298 [Worker-47: Building] INFO  o.a.m.s.f.DefaultMavenResourcesFiltering - skip non existing resourceDirectory D:\JS+React\Micro Mentorship Project\mm\mm\src\test\resources
2026-02-11 20:08:11,996 [Worker-46: Building] INFO  o.a.m.s.f.DefaultMavenResourcesFiltering - Copying 1 resource from src\main\resources to target\classes
2026-02-11 20:08:12,002 [Worker-46: Building] INFO  o.a.m.s.f.DefaultMavenResourcesFiltering - Copying 0 resource from src\main\resources to target\classes
2026-02-11 20:08:12,007 [Worker-46: Building] INFO  o.a.m.s.f.DefaultMavenResourcesFiltering - skip non existing resourceDirectory D:\JS+React\Micro Mentorship Project\mm\mm\src\test\resources
2026-02-11 20:08:36,460 [Worker-46: Building] INFO  o.a.m.s.f.DefaultMavenResourcesFiltering - Copying 1 resource from src\main\resources to target\classes
2026-02-11 20:08:36,465 [Worker-46: Building] INFO  o.a.m.s.f.DefaultMavenResourcesFiltering - Copying 0 resource from src\main\resources to target\classes
2026-02-11 20:08:36,468 [Worker-46: Building] INFO  o.a.m.s.f.DefaultMavenResourcesFiltering - skip non existing resourceDirectory D:\JS+React\Micro Mentorship Project\mm\mm\src\test\resources
2026-02-11 20:10:23,019 [Worker-51: Building] INFO  o.a.m.s.f.DefaultMavenResourcesFiltering - Copying 1 resource from src\main\resources to target\classes
2026-02-11 20:10:23,023 [Worker-51: Building] INFO  o.a.m.s.f.DefaultMavenResourcesFiltering - Copying 0 resource from src\main\resources to target\classes
2026-02-11 20:10:23,025 [Worker-51: Building] INFO  o.a.m.s.f.DefaultMavenResourcesFiltering - skip non existing resourceDirectory D:\JS+React\Micro Mentorship Project\mm\mm\src\test\resources
2026-02-11 20:14:11,916 [Worker-50: Building] INFO  o.a.m.s.f.DefaultMavenResourcesFiltering - Copying 1 resource from src\main\resources to target\classes
2026-02-11 20:14:11,922 [Worker-50: Building] INFO  o.a.m.s.f.DefaultMavenResourcesFiltering - Copying 0 resource from src\main\resources to target\classes
2026-02-11 20:14:11,925 [Worker-50: Building] INFO  o.a.m.s.f.DefaultMavenResourcesFiltering - skip non existing resourceDirectory D:\JS+React\Micro Mentorship Project\mm\mm\src\test\resources
2026-02-11 20:15:20,301 [Worker-47: Building] INFO  o.e.m.c.i.l.LifecycleMappingFactory - Using org.eclipse.m2e.jdt.JarLifecycleMapping lifecycle mapping for MavenProject: com.micromentorship:mm:0.0.1-SNAPSHOT @ D:\JS+React\Micro Mentorship Project\mm\mm\pom.xml.
2026-02-11 20:15:20,894 [Worker-47: Building] INFO  o.e.m.c.i.e.AbstractTransferListenerAdapter - Downloading https://repo.maven.apache.org/maven2/io/jsonwebtoken/jjwt/0.9.1/jjwt-0.9.1.pom
2026-02-11 20:15:20,906 [Worker-47: Building] INFO  o.e.m.c.i.e.AbstractTransferListenerAdapter - Downloaded https://repo.maven.apache.org/maven2/io/jsonwebtoken/jjwt/0.9.1/jjwt-0.9.1.pom
2026-02-11 20:15:20,938 [Worker-47: Building] INFO  o.e.m.c.i.e.AbstractTransferListenerAdapter - Downloading https://repo.maven.apache.org/maven2/com/fasterxml/jackson/core/jackson-databind/2.20.2/jackson-databind-2.20.2.pom
2026-02-11 20:15:20,951 [Worker-47: Building] INFO  o.e.m.c.i.e.AbstractTransferListenerAdapter - Downloaded https://repo.maven.apache.org/maven2/com/fasterxml/jackson/core/jackson-databind/2.20.2/jackson-databind-2.20.2.pom
2026-02-11 20:15:20,983 [Worker-47: Building] INFO  o.e.m.c.i.e.AbstractTransferListenerAdapter - Downloading https://repo.maven.apache.org/maven2/com/fasterxml/jackson/jackson-base/2.20.2/jackson-base-2.20.2.pom
2026-02-11 20:15:20,990 [Worker-47: Building] INFO  o.e.m.c.i.e.AbstractTransferListenerAdapter - Downloaded https://repo.maven.apache.org/maven2/com/fasterxml/jackson/jackson-base/2.20.2/jackson-base-2.20.2.pom
2026-02-11 20:15:21,018 [Worker-47: Building] INFO  o.e.m.c.i.e.AbstractTransferListenerAdapter - Downloading https://repo.maven.apache.org/maven2/com/fasterxml/jackson/core/jackson-core/2.20.2/jackson-core-2.20.2.pom
2026-02-11 20:15:21,022 [Worker-47: Building] INFO  o.e.m.c.i.e.AbstractTransferListenerAdapter - Downloaded https://repo.maven.apache.org/maven2/com/fasterxml/jackson/core/jackson-core/2.20.2/jackson-core-2.20.2.pom
2026-02-11 20:15:21,227 [Worker-47: Building] INFO  o.e.m.c.i.e.AbstractTransferListenerAdapter - Downloading https://repo.maven.apache.org/maven2/io/jsonwebtoken/jjwt/0.9.1/jjwt-0.9.1.jar
2026-02-11 20:15:21,252 [Worker-47: Building] INFO  o.e.m.c.i.e.AbstractTransferListenerAdapter - Downloaded https://repo.maven.apache.org/maven2/io/jsonwebtoken/jjwt/0.9.1/jjwt-0.9.1.jar
2026-02-11 20:15:21,280 [BasicRepositoryConnector-repo.maven.apache.org-0-1] INFO  o.e.m.c.i.e.AbstractTransferListenerAdapter - Downloading https://repo.maven.apache.org/maven2/com/fasterxml/jackson/core/jackson-core/2.20.2/jackson-core-2.20.2.jar
2026-02-11 20:15:21,322 [BasicRepositoryConnector-repo.maven.apache.org-0-0] INFO  o.e.m.c.i.e.AbstractTransferListenerAdapter - Downloading https://repo.maven.apache.org/maven2/com/fasterxml/jackson/core/jackson-databind/2.20.2/jackson-databind-2.20.2.jar
2026-02-11 20:15:21,328 [BasicRepositoryConnector-repo.maven.apache.org-0-1] INFO  o.e.m.c.i.e.AbstractTransferListenerAdapter - Downloaded https://repo.maven.apache.org/maven2/com/fasterxml/jackson/core/jackson-core/2.20.2/jackson-core-2.20.2.jar
2026-02-11 20:15:21,462 [BasicRepositoryConnector-repo.maven.apache.org-0-0] INFO  o.e.m.c.i.e.AbstractTransferListenerAdapter - Downloaded https://repo.maven.apache.org/maven2/com/fasterxml/jackson/core/jackson-databind/2.20.2/jackson-databind-2.20.2.jar
2026-02-11 20:15:21,789 [Worker-47: Building] INFO  o.a.m.s.f.DefaultMavenResourcesFiltering - Copying 0 resource from src\main\resources to target\classes
2026-02-11 20:15:21,789 [Worker-47: Building] INFO  o.a.m.s.f.DefaultMavenResourcesFiltering - Copying 0 resource from src\main\resources to target\classes
2026-02-11 20:15:21,794 [Worker-47: Building] INFO  o.a.m.s.f.DefaultMavenResourcesFiltering - skip non existing resourceDirectory D:\JS+React\Micro Mentorship Project\mm\mm\src\test\resources
2026-02-11 20:15:22,672 [Worker-47: Download sources and javadoc] INFO  o.e.m.c.i.e.AbstractTransferListenerAdapter - Downloading https://repo.maven.apache.org/maven2/io/jsonwebtoken/jjwt/0.9.1/jjwt-0.9.1-sources.jar
2026-02-11 20:15:22,690 [Worker-47: Download sources and javadoc] INFO  o.e.m.c.i.e.AbstractTransferListenerAdapter - Downloaded https://repo.maven.apache.org/maven2/io/jsonwebtoken/jjwt/0.9.1/jjwt-0.9.1-sources.jar
2026-02-11 20:15:22,698 [Worker-47: Download sources and javadoc] INFO  o.e.m.j.internal.DownloadSourcesJob - Downloaded sources for io.jsonwebtoken:jjwt:0.9.1
2026-02-11 20:15:22,756 [Worker-47: Download sources and javadoc] INFO  o.e.m.c.i.e.AbstractTransferListenerAdapter - Downloading https://repo.maven.apache.org/maven2/com/fasterxml/jackson/core/jackson-databind/2.20.2/jackson-databind-2.20.2-sources.jar
2026-02-11 20:15:22,865 [Worker-47: Download sources and javadoc] INFO  o.e.m.c.i.e.AbstractTransferListenerAdapter - Downloaded https://repo.maven.apache.org/maven2/com/fasterxml/jackson/core/jackson-databind/2.20.2/jackson-databind-2.20.2-sources.jar
2026-02-11 20:15:22,867 [Worker-47: Download sources and javadoc] INFO  o.e.m.j.internal.DownloadSourcesJob - Downloaded sources for com.fasterxml.jackson.core:jackson-databind:2.20.2
2026-02-11 20:15:22,963 [Worker-50: Building] INFO  o.a.m.s.f.DefaultMavenResourcesFiltering - Copying 1 resource from src\main\resources to target\classes
2026-02-11 20:15:22,978 [Worker-50: Building] INFO  o.a.m.s.f.DefaultMavenResourcesFiltering - Copying 0 resource from src\main\resources to target\classes
2026-02-11 20:15:22,980 [Worker-50: Building] INFO  o.a.m.s.f.DefaultMavenResourcesFiltering - skip non existing resourceDirectory D:\JS+React\Micro Mentorship Project\mm\mm\src\test\resources
2026-02-11 20:15:22,981 [Worker-47: Download sources and javadoc] INFO  o.e.m.c.i.e.AbstractTransferListenerAdapter - Downloading https://repo.maven.apache.org/maven2/com/fasterxml/jackson/core/jackson-core/2.20.2/jackson-core-2.20.2-sources.jar
2026-02-11 20:15:23,037 [Worker-47: Download sources and javadoc] INFO  o.e.m.c.i.e.AbstractTransferListenerAdapter - Downloaded https://repo.maven.apache.org/maven2/com/fasterxml/jackson/core/jackson-core/2.20.2/jackson-core-2.20.2-sources.jar
2026-02-11 20:15:23,040 [Worker-47: Download sources and javadoc] INFO  o.e.m.j.internal.DownloadSourcesJob - Downloaded sources for com.fasterxml.jackson.core:jackson-core:2.20.2
2026-02-11 20:15:32,215 [Worker-51: Updating Maven Project] INFO  o.e.m.c.i.p.ProjectConfigurationManager - Update started
2026-02-11 20:15:32,417 [Worker-51: Updating Maven Project] INFO  o.e.m.c.i.l.LifecycleMappingFactory - Using org.eclipse.m2e.jdt.JarLifecycleMapping lifecycle mapping for MavenProject: com.micromentorship:mm:0.0.1-SNAPSHOT @ D:\JS+React\Micro Mentorship Project\mm\mm\pom.xml.
2026-02-11 20:15:32,823 [Worker-51: Updating Maven Project] INFO  o.e.m.j.i.AbstractJavaProjectConfigurator - Adding source folder /mm/src/main/java
2026-02-11 20:15:32,824 [Worker-51: Updating Maven Project] INFO  o.e.m.j.i.AbstractJavaProjectConfigurator - Adding resource folder /mm/src/main/resources
2026-02-11 20:15:32,824 [Worker-51: Updating Maven Project] INFO  o.e.m.j.i.AbstractJavaProjectConfigurator - Adding resource folder /mm/src/main/resources
2026-02-11 20:15:32,824 [Worker-51: Updating Maven Project] INFO  o.e.m.j.i.AbstractJavaProjectConfigurator - Adding source folder /mm/src/test/java
2026-02-11 20:15:32,824 [Worker-51: Updating Maven Project] INFO  o.e.m.j.i.AbstractJavaProjectConfigurator - Adding resource folder /mm/src/test/resources
2026-02-11 20:15:32,996 [Worker-51: Updating Maven Project] INFO  o.e.m.c.i.p.ProjectConfigurationManager - Update completed for 1 poms: local refresh takes 0.00 sec, refresh facades takes 0.00 sec, update config takes 0.00 sec 
2026-02-11 20:15:33,265 [Worker-46: Building] INFO  o.a.m.s.f.DefaultMavenResourcesFiltering - Copying 1 resource from src\main\resources to target\classes
2026-02-11 20:15:33,277 [Worker-46: Building] INFO  o.a.m.s.f.DefaultMavenResourcesFiltering - Copying 0 resource from src\main\resources to target\classes
2026-02-11 20:15:33,282 [Worker-46: Building] INFO  o.a.m.s.f.DefaultMavenResourcesFiltering - skip non existing resourceDirectory D:\JS+React\Micro Mentorship Project\mm\mm\src\test\resources
2026-02-11 20:16:38,939 [Worker-52: Building] INFO  o.a.m.s.f.DefaultMavenResourcesFiltering - Copying 1 resource from src\main\resources to target\classes
2026-02-11 20:16:38,945 [Worker-52: Building] INFO  o.a.m.s.f.DefaultMavenResourcesFiltering - Copying 0 resource from src\main\resources to target\classes
2026-02-11 20:16:38,947 [Worker-52: Building] INFO  o.a.m.s.f.DefaultMavenResourcesFiltering - skip non existing resourceDirectory D:\JS+React\Micro Mentorship Project\mm\mm\src\test\resources
2026-02-11 20:17:31,132 [Worker-51: Building] INFO  o.a.m.s.f.DefaultMavenResourcesFiltering - Copying 1 resource from src\main\resources to target\classes
2026-02-11 20:17:31,136 [Worker-51: Building] INFO  o.a.m.s.f.DefaultMavenResourcesFiltering - Copying 0 resource from src\main\resources to target\classes
2026-02-11 20:17:31,138 [Worker-51: Building] INFO  o.a.m.s.f.DefaultMavenResourcesFiltering - skip non existing resourceDirectory D:\JS+React\Micro Mentorship Project\mm\mm\src\test\resources
2026-02-11 20:19:04,417 [Worker-52: Building] INFO  o.a.m.s.f.DefaultMavenResourcesFiltering - Copying 1 resource from src\main\resources to target\classes
2026-02-11 20:19:04,421 [Worker-52: Building] INFO  o.a.m.s.f.DefaultMavenResourcesFiltering - Copying 0 resource from src\main\resources to target\classes
2026-02-11 20:19:04,422 [Worker-52: Building] INFO  o.a.m.s.f.DefaultMavenResourcesFiltering - skip non existing resourceDirectory D:\JS+React\Micro Mentorship Project\mm\mm\src\test\resources
2026-02-11 20:19:59,628 [Worker-49: Building] INFO  o.a.m.s.f.DefaultMavenResourcesFiltering - Copying 1 resource from src\main\resources to target\classes
2026-02-11 20:19:59,632 [Worker-49: Building] INFO  o.a.m.s.f.DefaultMavenResourcesFiltering - Copying 0 resource from src\main\resources to target\classes
2026-02-11 20:19:59,635 [Worker-49: Building] INFO  o.a.m.s.f.DefaultMavenResourcesFiltering - skip non existing resourceDirectory D:\JS+React\Micro Mentorship Project\mm\mm\src\test\resources
2026-02-11 20:21:03,126 [Worker-46: Building] INFO  o.a.m.s.f.DefaultMavenResourcesFiltering - Copying 1 resource from src\main\resources to target\classes
2026-02-11 20:21:03,132 [Worker-46: Building] INFO  o.a.m.s.f.DefaultMavenResourcesFiltering - Copying 0 resource from src\main\resources to target\classes
2026-02-11 20:21:03,134 [Worker-46: Building] INFO  o.a.m.s.f.DefaultMavenResourcesFiltering - skip non existing resourceDirectory D:\JS+React\Micro Mentorship Project\mm\mm\src\test\resources
2026-02-11 20:21:13,239 [Worker-49: Building] INFO  o.a.m.s.f.DefaultMavenResourcesFiltering - Copying 1 resource from src\main\resources to target\classes
2026-02-11 20:21:13,245 [Worker-49: Building] INFO  o.a.m.s.f.DefaultMavenResourcesFiltering - Copying 0 resource from src\main\resources to target\classes
2026-02-11 20:21:13,247 [Worker-49: Building] INFO  o.a.m.s.f.DefaultMavenResourcesFiltering - skip non existing resourceDirectory D:\JS+React\Micro Mentorship Project\mm\mm\src\test\resources
2026-02-11 20:22:54,365 [Worker-47: Building] INFO  o.a.m.s.f.DefaultMavenResourcesFiltering - Copying 1 resource from src\main\resources to target\classes
2026-02-11 20:22:54,368 [Worker-47: Building] INFO  o.a.m.s.f.DefaultMavenResourcesFiltering - Copying 0 resource from src\main\resources to target\classes
2026-02-11 20:22:54,370 [Worker-47: Building] INFO  o.a.m.s.f.DefaultMavenResourcesFiltering - skip non existing resourceDirectory D:\JS+React\Micro Mentorship Project\mm\mm\src\test\resources
2026-02-11 20:23:39,971 [Worker-46: Building] INFO  o.a.m.s.f.DefaultMavenResourcesFiltering - Copying 1 resource from src\main\resources to target\classes
2026-02-11 20:23:39,975 [Worker-46: Building] INFO  o.a.m.s.f.DefaultMavenResourcesFiltering - Copying 0 resource from src\main\resources to target\classes
2026-02-11 20:23:39,977 [Worker-46: Building] INFO  o.a.m.s.f.DefaultMavenResourcesFiltering - skip non existing resourceDirectory D:\JS+React\Micro Mentorship Project\mm\mm\src\test\resources
2026-02-11 20:24:23,914 [Worker-47: Building] INFO  o.a.m.s.f.DefaultMavenResourcesFiltering - Copying 1 resource from src\main\resources to target\classes
2026-02-11 20:24:23,919 [Worker-47: Building] INFO  o.a.m.s.f.DefaultMavenResourcesFiltering - Copying 0 resource from src\main\resources to target\classes
2026-02-11 20:24:23,921 [Worker-47: Building] INFO  o.a.m.s.f.DefaultMavenResourcesFiltering - skip non existing resourceDirectory D:\JS+React\Micro Mentorship Project\mm\mm\src\test\resources
2026-02-11 20:25:10,579 [Worker-50: Building] INFO  o.a.m.s.f.DefaultMavenResourcesFiltering - Copying 1 resource from src\main\resources to target\classes
2026-02-11 20:25:10,583 [Worker-50: Building] INFO  o.a.m.s.f.DefaultMavenResourcesFiltering - Copying 0 resource from src\main\resources to target\classes
2026-02-11 20:25:10,584 [Worker-50: Building] INFO  o.a.m.s.f.DefaultMavenResourcesFiltering - skip non existing resourceDirectory D:\JS+React\Micro Mentorship Project\mm\mm\src\test\resources
2026-02-12 10:20:02,245 [Worker-5: Loading available Gradle versions] INFO  o.e.b.c.i.u.g.PublishedGradleVersions - Gradle version information cache is up-to-date. Trying to read.
2026-02-12 13:15:13,249 [Worker-65: Building] INFO  o.a.m.s.f.DefaultMavenResourcesFiltering - Copying 1 resource from src\main\resources to target\classes
2026-02-12 13:15:13,264 [Worker-65: Building] INFO  o.a.m.s.f.DefaultMavenResourcesFiltering - Copying 0 resource from src\main\resources to target\classes
2026-02-12 13:15:13,269 [Worker-65: Building] INFO  o.a.m.s.f.DefaultMavenResourcesFiltering - skip non existing resourceDirectory D:\JS+React\Micro Mentorship Project\mm\mm\src\test\resources
2026-02-12 13:15:28,129 [Worker-66: Building] INFO  o.a.m.s.f.DefaultMavenResourcesFiltering - Copying 1 resource from src\main\resources to target\classes
2026-02-12 13:15:28,133 [Worker-66: Building] INFO  o.a.m.s.f.DefaultMavenResourcesFiltering - Copying 0 resource from src\main\resources to target\classes
2026-02-12 13:15:28,136 [Worker-66: Building] INFO  o.a.m.s.f.DefaultMavenResourcesFiltering - skip non existing resourceDirectory D:\JS+React\Micro Mentorship Project\mm\mm\src\test\resources
2026-02-12 13:15:36,415 [Worker-65: Building] INFO  o.a.m.s.f.DefaultMavenResourcesFiltering - Copying 1 resource from src\main\resources to target\classes
2026-02-12 13:15:36,421 [Worker-65: Building] INFO  o.a.m.s.f.DefaultMavenResourcesFiltering - Copying 0 resource from src\main\resources to target\classes
2026-02-12 13:15:36,424 [Worker-65: Building] INFO  o.a.m.s.f.DefaultMavenResourcesFiltering - skip non existing resourceDirectory D:\JS+React\Micro Mentorship Project\mm\mm\src\test\resources
2026-02-12 13:17:51,712 [Worker-68: Building] INFO  o.a.m.s.f.DefaultMavenResourcesFiltering - Copying 1 resource from src\main\resources to target\classes
2026-02-12 13:17:51,716 [Worker-68: Building] INFO  o.a.m.s.f.DefaultMavenResourcesFiltering - Copying 0 resource from src\main\resources to target\classes
2026-02-12 13:17:51,719 [Worker-68: Building] INFO  o.a.m.s.f.DefaultMavenResourcesFiltering - skip non existing resourceDirectory D:\JS+React\Micro Mentorship Project\mm\mm\src\test\resources
2026-02-12 13:23:36,296 [Worker-73: Building] INFO  o.a.m.s.f.DefaultMavenResourcesFiltering - Copying 1 resource from src\main\resources to target\classes
2026-02-12 13:23:36,302 [Worker-73: Building] INFO  o.a.m.s.f.DefaultMavenResourcesFiltering - Copying 0 resource from src\main\resources to target\classes
2026-02-12 13:23:36,304 [Worker-73: Building] INFO  o.a.m.s.f.DefaultMavenResourcesFiltering - skip non existing resourceDirectory D:\JS+React\Micro Mentorship Project\mm\mm\src\test\resources
2026-02-12 13:34:17,919 [Worker-66: Building] INFO  o.a.m.s.f.DefaultMavenResourcesFiltering - Copying 1 resource from src\main\resources to target\classes
2026-02-12 13:34:17,938 [Worker-66: Building] INFO  o.a.m.s.f.DefaultMavenResourcesFiltering - Copying 0 resource from src\main\resources to target\classes
2026-02-12 13:34:17,945 [Worker-66: Building] INFO  o.a.m.s.f.DefaultMavenResourcesFiltering - skip non existing resourceDirectory D:\JS+React\Micro Mentorship Project\mm\mm\src\test\resources
2026-02-12 13:35:18,026 [Worker-75: Building] INFO  o.a.m.s.f.DefaultMavenResourcesFiltering - Copying 1 resource from src\main\resources to target\classes
2026-02-12 13:35:18,032 [Worker-75: Building] INFO  o.a.m.s.f.DefaultMavenResourcesFiltering - Copying 0 resource from src\main\resources to target\classes
2026-02-12 13:35:18,034 [Worker-75: Building] INFO  o.a.m.s.f.DefaultMavenResourcesFiltering - skip non existing resourceDirectory D:\JS+React\Micro Mentorship Project\mm\mm\src\test\resources
2026-02-12 13:40:28,027 [Worker-82: Building] INFO  o.a.m.s.f.DefaultMavenResourcesFiltering - Copying 1 resource from src\main\resources to target\classes
2026-02-12 13:40:28,033 [Worker-82: Building] INFO  o.a.m.s.f.DefaultMavenResourcesFiltering - Copying 0 resource from src\main\resources to target\classes
2026-02-12 13:40:28,035 [Worker-82: Building] INFO  o.a.m.s.f.DefaultMavenResourcesFiltering - skip non existing resourceDirectory D:\JS+React\Micro Mentorship Project\mm\mm\src\test\resources
2026-02-12 13:52:03,109 [Worker-88: Building] INFO  o.a.m.s.f.DefaultMavenResourcesFiltering - Copying 1 resource from src\main\resources to target\classes
2026-02-12 13:52:03,115 [Worker-88: Building] INFO  o.a.m.s.f.DefaultMavenResourcesFiltering - Copying 0 resource from src\main\resources to target\classes
2026-02-12 13:52:03,117 [Worker-88: Building] INFO  o.a.m.s.f.DefaultMavenResourcesFiltering - skip non existing resourceDirectory D:\JS+React\Micro Mentorship Project\mm\mm\src\test\resources
2026-02-12 13:56:59,973 [Worker-96: Building] INFO  o.e.m.c.i.l.LifecycleMappingFactory - Using org.eclipse.m2e.jdt.JarLifecycleMapping lifecycle mapping for MavenProject: com.micromentorship:mm:0.0.1-SNAPSHOT @ D:\JS+React\Micro Mentorship Project\mm\mm\pom.xml.
2026-02-12 13:57:00,454 [Worker-96: Building] INFO  o.e.m.c.i.e.AbstractTransferListenerAdapter - Downloading https://repo.maven.apache.org/maven2/io/jsonwebtoken/jjwt-api/0.11.5/jjwt-api-0.11.5.pom
2026-02-12 13:57:00,465 [Worker-96: Building] INFO  o.e.m.c.i.e.AbstractTransferListenerAdapter - Downloaded https://repo.maven.apache.org/maven2/io/jsonwebtoken/jjwt-api/0.11.5/jjwt-api-0.11.5.pom
2026-02-12 13:57:00,572 [Worker-96: Building] INFO  o.e.m.c.i.e.AbstractTransferListenerAdapter - Downloading https://repo.maven.apache.org/maven2/io/jsonwebtoken/jjwt-root/0.11.5/jjwt-root-0.11.5.pom
2026-02-12 13:57:00,587 [Worker-96: Building] INFO  o.e.m.c.i.e.AbstractTransferListenerAdapter - Downloaded https://repo.maven.apache.org/maven2/io/jsonwebtoken/jjwt-root/0.11.5/jjwt-root-0.11.5.pom
2026-02-12 13:57:00,677 [Worker-96: Building] INFO  o.e.m.c.i.e.AbstractTransferListenerAdapter - Downloading https://repo.maven.apache.org/maven2/io/jsonwebtoken/jjwt-impl/0.11.5/jjwt-impl-0.11.5.pom
2026-02-12 13:57:00,685 [Worker-96: Building] INFO  o.e.m.c.i.e.AbstractTransferListenerAdapter - Downloaded https://repo.maven.apache.org/maven2/io/jsonwebtoken/jjwt-impl/0.11.5/jjwt-impl-0.11.5.pom
2026-02-12 13:57:00,778 [Worker-96: Building] INFO  o.e.m.c.i.e.AbstractTransferListenerAdapter - Downloading https://repo.maven.apache.org/maven2/io/jsonwebtoken/jjwt-jackson/0.11.5/jjwt-jackson-0.11.5.pom
2026-02-12 13:57:00,786 [Worker-96: Building] INFO  o.e.m.c.i.e.AbstractTransferListenerAdapter - Downloaded https://repo.maven.apache.org/maven2/io/jsonwebtoken/jjwt-jackson/0.11.5/jjwt-jackson-0.11.5.pom
2026-02-12 13:57:00,985 [Worker-96: Building] INFO  o.e.m.c.i.e.AbstractTransferListenerAdapter - Downloading https://repo.maven.apache.org/maven2/io/jsonwebtoken/jjwt-api/0.11.5/jjwt-api-0.11.5.jar
2026-02-12 13:57:01,008 [Worker-96: Building] INFO  o.e.m.c.i.e.AbstractTransferListenerAdapter - Downloaded https://repo.maven.apache.org/maven2/io/jsonwebtoken/jjwt-api/0.11.5/jjwt-api-0.11.5.jar
2026-02-12 13:57:01,036 [BasicRepositoryConnector-repo.maven.apache.org-0-0] INFO  o.e.m.c.i.e.AbstractTransferListenerAdapter - Downloading https://repo.maven.apache.org/maven2/io/jsonwebtoken/jjwt-impl/0.11.5/jjwt-impl-0.11.5.jar
2026-02-12 13:57:01,042 [BasicRepositoryConnector-repo.maven.apache.org-0-0] INFO  o.e.m.c.i.e.AbstractTransferListenerAdapter - Downloaded https://repo.maven.apache.org/maven2/io/jsonwebtoken/jjwt-impl/0.11.5/jjwt-impl-0.11.5.jar
2026-02-12 13:57:01,073 [BasicRepositoryConnector-repo.maven.apache.org-0-1] INFO  o.e.m.c.i.e.AbstractTransferListenerAdapter - Downloading https://repo.maven.apache.org/maven2/io/jsonwebtoken/jjwt-jackson/0.11.5/jjwt-jackson-0.11.5.jar
2026-02-12 13:57:01,077 [BasicRepositoryConnector-repo.maven.apache.org-0-1] INFO  o.e.m.c.i.e.AbstractTransferListenerAdapter - Downloaded https://repo.maven.apache.org/maven2/io/jsonwebtoken/jjwt-jackson/0.11.5/jjwt-jackson-0.11.5.jar
2026-02-12 13:57:01,345 [Worker-96: Building] INFO  o.a.m.s.f.DefaultMavenResourcesFiltering - Copying 0 resource from src\main\resources to target\classes
2026-02-12 13:57:01,345 [Worker-96: Building] INFO  o.a.m.s.f.DefaultMavenResourcesFiltering - Copying 0 resource from src\main\resources to target\classes
2026-02-12 13:57:01,349 [Worker-96: Building] INFO  o.a.m.s.f.DefaultMavenResourcesFiltering - skip non existing resourceDirectory D:\JS+React\Micro Mentorship Project\mm\mm\src\test\resources
2026-02-12 13:57:02,316 [Worker-88: Download sources and javadoc] INFO  o.e.m.c.i.e.AbstractTransferListenerAdapter - Downloading https://repo.maven.apache.org/maven2/io/jsonwebtoken/jjwt-api/0.11.5/jjwt-api-0.11.5-sources.jar
2026-02-12 13:57:02,340 [Worker-88: Download sources and javadoc] INFO  o.e.m.c.i.e.AbstractTransferListenerAdapter - Downloaded https://repo.maven.apache.org/maven2/io/jsonwebtoken/jjwt-api/0.11.5/jjwt-api-0.11.5-sources.jar
2026-02-12 13:57:02,342 [Worker-88: Download sources and javadoc] INFO  o.e.m.j.internal.DownloadSourcesJob - Downloaded sources for io.jsonwebtoken:jjwt-api:0.11.5
2026-02-12 13:57:02,398 [Worker-88: Download sources and javadoc] INFO  o.e.m.c.i.e.AbstractTransferListenerAdapter - Downloading https://repo.maven.apache.org/maven2/io/jsonwebtoken/jjwt-impl/0.11.5/jjwt-impl-0.11.5-sources.jar
2026-02-12 13:57:02,409 [Worker-88: Download sources and javadoc] INFO  o.e.m.c.i.e.AbstractTransferListenerAdapter - Downloaded https://repo.maven.apache.org/maven2/io/jsonwebtoken/jjwt-impl/0.11.5/jjwt-impl-0.11.5-sources.jar
2026-02-12 13:57:02,412 [Worker-88: Download sources and javadoc] INFO  o.e.m.j.internal.DownloadSourcesJob - Downloaded sources for io.jsonwebtoken:jjwt-impl:0.11.5
2026-02-12 13:57:02,501 [Worker-88: Download sources and javadoc] INFO  o.e.m.c.i.e.AbstractTransferListenerAdapter - Downloading https://repo.maven.apache.org/maven2/io/jsonwebtoken/jjwt-jackson/0.11.5/jjwt-jackson-0.11.5-sources.jar
2026-02-12 13:57:02,505 [Worker-88: Download sources and javadoc] INFO  o.e.m.c.i.e.AbstractTransferListenerAdapter - Downloaded https://repo.maven.apache.org/maven2/io/jsonwebtoken/jjwt-jackson/0.11.5/jjwt-jackson-0.11.5-sources.jar
2026-02-12 13:57:02,510 [Worker-88: Download sources and javadoc] INFO  o.e.m.j.internal.DownloadSourcesJob - Downloaded sources for io.jsonwebtoken:jjwt-jackson:0.11.5
2026-02-12 13:57:02,859 [Worker-92: Building] INFO  o.a.m.s.f.DefaultMavenResourcesFiltering - Copying 1 resource from src\main\resources to target\classes
2026-02-12 13:57:02,874 [Worker-92: Building] INFO  o.a.m.s.f.DefaultMavenResourcesFiltering - Copying 0 resource from src\main\resources to target\classes
2026-02-12 13:57:02,877 [Worker-92: Building] INFO  o.a.m.s.f.DefaultMavenResourcesFiltering - skip non existing resourceDirectory D:\JS+React\Micro Mentorship Project\mm\mm\src\test\resources
2026-02-12 13:57:17,046 [Worker-94: Updating Maven Project] INFO  o.e.m.c.i.p.ProjectConfigurationManager - Update started
2026-02-12 13:57:17,249 [Worker-94: Updating Maven Project] INFO  o.e.m.c.i.l.LifecycleMappingFactory - Using org.eclipse.m2e.jdt.JarLifecycleMapping lifecycle mapping for MavenProject: com.micromentorship:mm:0.0.1-SNAPSHOT @ D:\JS+React\Micro Mentorship Project\mm\mm\pom.xml.
2026-02-12 13:57:17,724 [Worker-94: Updating Maven Project] INFO  o.e.m.j.i.AbstractJavaProjectConfigurator - Adding source folder /mm/src/main/java
2026-02-12 13:57:17,726 [Worker-94: Updating Maven Project] INFO  o.e.m.j.i.AbstractJavaProjectConfigurator - Adding resource folder /mm/src/main/resources
2026-02-12 13:57:17,727 [Worker-94: Updating Maven Project] INFO  o.e.m.j.i.AbstractJavaProjectConfigurator - Adding resource folder /mm/src/main/resources
2026-02-12 13:57:17,727 [Worker-94: Updating Maven Project] INFO  o.e.m.j.i.AbstractJavaProjectConfigurator - Adding source folder /mm/src/test/java
2026-02-12 13:57:17,728 [Worker-94: Updating Maven Project] INFO  o.e.m.j.i.AbstractJavaProjectConfigurator - Adding resource folder /mm/src/test/resources
2026-02-12 13:57:17,897 [Worker-94: Updating Maven Project] INFO  o.e.m.c.i.p.ProjectConfigurationManager - Update completed for 1 poms: local refresh takes 0.00 sec, refresh facades takes 0.00 sec, update config takes 0.00 sec 
2026-02-12 13:57:18,152 [Worker-95: Building] INFO  o.a.m.s.f.DefaultMavenResourcesFiltering - Copying 1 resource from src\main\resources to target\classes
2026-02-12 13:57:18,161 [Worker-95: Building] INFO  o.a.m.s.f.DefaultMavenResourcesFiltering - Copying 0 resource from src\main\resources to target\classes
2026-02-12 13:57:18,164 [Worker-95: Building] INFO  o.a.m.s.f.DefaultMavenResourcesFiltering - skip non existing resourceDirectory D:\JS+React\Micro Mentorship Project\mm\mm\src\test\resources
2026-02-12 14:03:26,494 [Worker-96: Building] ERROR o.e.m.c.i.p.r.ProjectRegistryManager - Could not read pom.xml
org.eclipse.core.runtime.CoreException: Could not read pom.xml
	at org.eclipse.m2e.core.internal.IMavenToolbox.readModel(IMavenToolbox.java:245)
	at org.eclipse.m2e.core.internal.project.registry.ProjectRegistryManager.refreshPhase2(ProjectRegistryManager.java:591)
	at org.eclipse.m2e.core.internal.project.registry.ProjectRegistryManager.refresh(ProjectRegistryManager.java:491)
	at org.eclipse.m2e.core.internal.project.registry.ProjectRegistryManager.refresh(ProjectRegistryManager.java:370)
	at org.eclipse.m2e.core.internal.project.registry.ProjectRegistryManager.refresh(ProjectRegistryManager.java:322)
	at org.eclipse.m2e.core.internal.builder.MavenBuilder$BuildMethod.getProjectFacade(MavenBuilder.java:146)
	at org.eclipse.m2e.core.internal.builder.MavenBuilder$BuildMethod.lambda$0(MavenBuilder.java:84)
	at org.eclipse.m2e.core.internal.embedder.MavenExecutionContext.executeBare(MavenExecutionContext.java:458)
	at org.eclipse.m2e.core.internal.embedder.MavenExecutionContext.execute(MavenExecutionContext.java:339)
	at org.eclipse.m2e.core.internal.embedder.MavenExecutionContext.execute(MavenExecutionContext.java:278)
	at org.eclipse.m2e.core.internal.builder.MavenBuilder$BuildMethod.execute(MavenBuilder.java:83)
	at org.eclipse.m2e.core.internal.builder.MavenBuilder.build(MavenBuilder.java:192)
	at org.eclipse.core.internal.events.BuildManager$2.run(BuildManager.java:1077)
	at org.eclipse.core.runtime.SafeRunner.run(SafeRunner.java:47)
	at org.eclipse.core.internal.events.BuildManager.basicBuild(BuildManager.java:296)
	at org.eclipse.core.internal.events.BuildManager.basicBuild(BuildManager.java:352)
	at org.eclipse.core.internal.events.BuildManager$1.run(BuildManager.java:441)
	at org.eclipse.core.runtime.SafeRunner.run(SafeRunner.java:47)
	at org.eclipse.core.internal.events.BuildManager.basicBuild(BuildManager.java:444)
	at org.eclipse.core.internal.events.BuildManager.basicBuildLoop(BuildManager.java:555)
	at org.eclipse.core.internal.events.BuildManager.basicBuildLoop(BuildManager.java:503)
	at org.eclipse.core.internal.events.BuildManager.build(BuildManager.java:585)
	at org.eclipse.core.internal.events.AutoBuildJob.doBuild(AutoBuildJob.java:207)
	at org.eclipse.core.internal.events.AutoBuildJob.run(AutoBuildJob.java:300)
	at org.eclipse.core.internal.jobs.Worker.run(Worker.java:63)
Caused by: org.apache.maven.model.io.ModelParseException: end tag name </scop> must match start tag name <scope> from line 83 (position: TEXT seen ...<scope>runtime</scop>... @83:28) 
	at org.apache.maven.model.io.DefaultModelReader.read(DefaultModelReader.java:96)
	at org.apache.maven.model.io.DefaultModelReader.read(DefaultModelReader.java:74)
	at org.eclipse.m2e.core.internal.IMavenToolbox.readModel(IMavenToolbox.java:243)
	... 24 common frames omitted
Caused by: org.codehaus.plexus.util.xml.pull.XmlPullParserException: end tag name </scop> must match start tag name <scope> from line 83 (position: TEXT seen ...<scope>runtime</scop>... @83:28) 
	at org.codehaus.plexus.util.xml.pull.MXParser.parseEndTag(MXParser.java:2151)
	at org.codehaus.plexus.util.xml.pull.MXParser.nextImpl(MXParser.java:1418)
	at org.codehaus.plexus.util.xml.pull.MXParser.next(MXParser.java:1375)
	at org.codehaus.plexus.util.xml.pull.MXParser.nextText(MXParser.java:1335)
	at org.apache.maven.model.io.xpp3.MavenXpp3Reader.parseDependency(MavenXpp3Reader.java:1446)
	at org.apache.maven.model.io.xpp3.MavenXpp3Reader.parseModel(MavenXpp3Reader.java:2321)
	at org.apache.maven.model.io.xpp3.MavenXpp3Reader.read(MavenXpp3Reader.java:623)
	at org.apache.maven.model.io.xpp3.MavenXpp3Reader.read(MavenXpp3Reader.java:654)
	at org.apache.maven.model.io.DefaultModelReader.read(DefaultModelReader.java:93)
	... 26 common frames omitted
2026-02-12 14:03:27,722 [Worker-96: Building] ERROR o.e.m.c.i.p.r.ProjectRegistryManager - Could not read pom.xml
org.eclipse.core.runtime.CoreException: Could not read pom.xml
	at org.eclipse.m2e.core.internal.IMavenToolbox.readModel(IMavenToolbox.java:245)
	at org.eclipse.m2e.core.internal.project.registry.ProjectRegistryManager.refreshPhase2(ProjectRegistryManager.java:591)
	at org.eclipse.m2e.core.internal.project.registry.ProjectRegistryManager.refresh(ProjectRegistryManager.java:491)
	at org.eclipse.m2e.core.internal.project.registry.ProjectRegistryManager.refresh(ProjectRegistryManager.java:370)
	at org.eclipse.m2e.core.internal.project.registry.ProjectRegistryManager.refresh(ProjectRegistryManager.java:322)
	at org.eclipse.m2e.core.internal.builder.MavenBuilder$BuildMethod.getProjectFacade(MavenBuilder.java:146)
	at org.eclipse.m2e.core.internal.builder.MavenBuilder$BuildMethod.lambda$0(MavenBuilder.java:84)
	at org.eclipse.m2e.core.internal.embedder.MavenExecutionContext.executeBare(MavenExecutionContext.java:458)
	at org.eclipse.m2e.core.internal.embedder.MavenExecutionContext.execute(MavenExecutionContext.java:339)
	at org.eclipse.m2e.core.internal.embedder.MavenExecutionContext.execute(MavenExecutionContext.java:278)
	at org.eclipse.m2e.core.internal.builder.MavenBuilder$BuildMethod.execute(MavenBuilder.java:83)
	at org.eclipse.m2e.core.internal.builder.MavenBuilder.build(MavenBuilder.java:192)
	at org.eclipse.core.internal.events.BuildManager$2.run(BuildManager.java:1077)
	at org.eclipse.core.runtime.SafeRunner.run(SafeRunner.java:47)
	at org.eclipse.core.internal.events.BuildManager.basicBuild(BuildManager.java:296)
	at org.eclipse.core.internal.events.BuildManager.basicBuild(BuildManager.java:352)
	at org.eclipse.core.internal.events.BuildManager$1.run(BuildManager.java:441)
	at org.eclipse.core.runtime.SafeRunner.run(SafeRunner.java:47)
	at org.eclipse.core.internal.events.BuildManager.basicBuild(BuildManager.java:444)
	at org.eclipse.core.internal.events.BuildManager.basicBuildLoop(BuildManager.java:555)
	at org.eclipse.core.internal.events.BuildManager.basicBuildLoop(BuildManager.java:503)
	at org.eclipse.core.internal.events.BuildManager.build(BuildManager.java:585)
	at org.eclipse.core.internal.events.AutoBuildJob.doBuild(AutoBuildJob.java:207)
	at org.eclipse.core.internal.events.AutoBuildJob.run(AutoBuildJob.java:300)
	at org.eclipse.core.internal.jobs.Worker.run(Worker.java:63)
Caused by: org.apache.maven.model.io.ModelParseException: end tag name </scop> must match start tag name <scope> from line 83 (position: TEXT seen ...<scope>runtime</scop>... @83:28) 
	at org.apache.maven.model.io.DefaultModelReader.read(DefaultModelReader.java:96)
	at org.apache.maven.model.io.DefaultModelReader.read(DefaultModelReader.java:74)
	at org.eclipse.m2e.core.internal.IMavenToolbox.readModel(IMavenToolbox.java:243)
	... 24 common frames omitted
Caused by: org.codehaus.plexus.util.xml.pull.XmlPullParserException: end tag name </scop> must match start tag name <scope> from line 83 (position: TEXT seen ...<scope>runtime</scop>... @83:28) 
	at org.codehaus.plexus.util.xml.pull.MXParser.parseEndTag(MXParser.java:2151)
	at org.codehaus.plexus.util.xml.pull.MXParser.nextImpl(MXParser.java:1418)
	at org.codehaus.plexus.util.xml.pull.MXParser.next(MXParser.java:1375)
	at org.codehaus.plexus.util.xml.pull.MXParser.nextText(MXParser.java:1335)
	at org.apache.maven.model.io.xpp3.MavenXpp3Reader.parseDependency(MavenXpp3Reader.java:1446)
	at org.apache.maven.model.io.xpp3.MavenXpp3Reader.parseModel(MavenXpp3Reader.java:2321)
	at org.apache.maven.model.io.xpp3.MavenXpp3Reader.read(MavenXpp3Reader.java:623)
	at org.apache.maven.model.io.xpp3.MavenXpp3Reader.read(MavenXpp3Reader.java:654)
	at org.apache.maven.model.io.DefaultModelReader.read(DefaultModelReader.java:93)
	... 26 common frames omitted
2026-02-12 14:03:41,447 [Worker-95: Launching Executing clean in D__JS+React_Micro Mentorship Project_mm_mm] INFO  o.eclipse.m2e.core.internal.Bundles - getClasspathEntries(Bundle=org.eclipse.m2e.maven.runtime_3.9.900.20240824-1409 [299])
2026-02-12 14:03:41,449 [Worker-95: Launching Executing clean in D__JS+React_Micro Mentorship Project_mm_mm] INFO  o.eclipse.m2e.core.internal.Bundles - 	Entry: C:\Users\sharm\.p2\pool\plugins\org.eclipse.m2e.maven.runtime_3.9.900.20240824-1409
2026-02-12 14:03:41,449 [Worker-95: Launching Executing clean in D__JS+React_Micro Mentorship Project_mm_mm] INFO  o.eclipse.m2e.core.internal.Bundles - 	Entry: C:\Users\sharm\.p2\pool\plugins\org.eclipse.m2e.maven.runtime_3.9.900.20240824-1409\jars\aopalliance-1.0.jar
2026-02-12 14:03:41,449 [Worker-95: Launching Executing clean in D__JS+React_Micro Mentorship Project_mm_mm] INFO  o.eclipse.m2e.core.internal.Bundles - 	Entry: C:\Users\sharm\.p2\pool\plugins\org.eclipse.m2e.maven.runtime_3.9.900.20240824-1409\jars\guice-5.1.0.jar
2026-02-12 14:03:41,449 [Worker-95: Launching Executing clean in D__JS+React_Micro Mentorship Project_mm_mm] INFO  o.eclipse.m2e.core.internal.Bundles - 	Entry: C:\Users\sharm\.p2\pool\plugins\org.eclipse.m2e.maven.runtime_3.9.900.20240824-1409\jars\httpclient-4.5.14.jar
2026-02-12 14:03:41,449 [Worker-95: Launching Executing clean in D__JS+React_Micro Mentorship Project_mm_mm] INFO  o.eclipse.m2e.core.internal.Bundles - 	Entry: C:\Users\sharm\.p2\pool\plugins\org.eclipse.m2e.maven.runtime_3.9.900.20240824-1409\jars\httpcore-4.4.16.jar
2026-02-12 14:03:41,450 [Worker-95: Launching Executing clean in D__JS+React_Micro Mentorship Project_mm_mm] INFO  o.eclipse.m2e.core.internal.Bundles - 	Entry: C:\Users\sharm\.p2\pool\plugins\org.eclipse.m2e.maven.runtime_3.9.900.20240824-1409\jars\jansi-2.4.1.jar
2026-02-12 14:03:41,450 [Worker-95: Launching Executing clean in D__JS+React_Micro Mentorship Project_mm_mm] INFO  o.eclipse.m2e.core.internal.Bundles - 	Entry: C:\Users\sharm\.p2\pool\plugins\org.eclipse.m2e.maven.runtime_3.9.900.20240824-1409\jars\jcl-over-slf4j-1.7.36.jar
2026-02-12 14:03:41,450 [Worker-95: Launching Executing clean in D__JS+React_Micro Mentorship Project_mm_mm] INFO  o.eclipse.m2e.core.internal.Bundles - 	Entry: C:\Users\sharm\.p2\pool\plugins\org.eclipse.m2e.maven.runtime_3.9.900.20240824-1409\jars\maven-artifact-3.9.9.jar
2026-02-12 14:03:41,450 [Worker-95: Launching Executing clean in D__JS+React_Micro Mentorship Project_mm_mm] INFO  o.eclipse.m2e.core.internal.Bundles - 	Entry: C:\Users\sharm\.p2\pool\plugins\org.eclipse.m2e.maven.runtime_3.9.900.20240824-1409\jars\maven-builder-support-3.9.9.jar
2026-02-12 14:03:41,450 [Worker-95: Launching Executing clean in D__JS+React_Micro Mentorship Project_mm_mm] INFO  o.eclipse.m2e.core.internal.Bundles - 	Entry: C:\Users\sharm\.p2\pool\plugins\org.eclipse.m2e.maven.runtime_3.9.900.20240824-1409\jars\maven-compat-3.9.9.jar
2026-02-12 14:03:41,450 [Worker-95: Launching Executing clean in D__JS+React_Micro Mentorship Project_mm_mm] INFO  o.eclipse.m2e.core.internal.Bundles - 	Entry: C:\Users\sharm\.p2\pool\plugins\org.eclipse.m2e.maven.runtime_3.9.900.20240824-1409\jars\maven-core-3.9.9.jar
2026-02-12 14:03:41,450 [Worker-95: Launching Executing clean in D__JS+React_Micro Mentorship Project_mm_mm] INFO  o.eclipse.m2e.core.internal.Bundles - 	Entry: C:\Users\sharm\.p2\pool\plugins\org.eclipse.m2e.maven.runtime_3.9.900.20240824-1409\jars\maven-embedder-3.9.9.jar
2026-02-12 14:03:41,450 [Worker-95: Launching Executing clean in D__JS+React_Micro Mentorship Project_mm_mm] INFO  o.eclipse.m2e.core.internal.Bundles - 	Entry: C:\Users\sharm\.p2\pool\plugins\org.eclipse.m2e.maven.runtime_3.9.900.20240824-1409\jars\maven-model-3.9.9.jar
2026-02-12 14:03:41,450 [Worker-95: Launching Executing clean in D__JS+React_Micro Mentorship Project_mm_mm] INFO  o.eclipse.m2e.core.internal.Bundles - 	Entry: C:\Users\sharm\.p2\pool\plugins\org.eclipse.m2e.maven.runtime_3.9.900.20240824-1409\jars\maven-model-builder-3.9.9.jar
2026-02-12 14:03:41,450 [Worker-95: Launching Executing clean in D__JS+React_Micro Mentorship Project_mm_mm] INFO  o.eclipse.m2e.core.internal.Bundles - 	Entry: C:\Users\sharm\.p2\pool\plugins\org.eclipse.m2e.maven.runtime_3.9.900.20240824-1409\jars\maven-plugin-api-3.9.9.jar
2026-02-12 14:03:41,450 [Worker-95: Launching Executing clean in D__JS+React_Micro Mentorship Project_mm_mm] INFO  o.eclipse.m2e.core.internal.Bundles - 	Entry: C:\Users\sharm\.p2\pool\plugins\org.eclipse.m2e.maven.runtime_3.9.900.20240824-1409\jars\maven-repository-metadata-3.9.9.jar
2026-02-12 14:03:41,450 [Worker-95: Launching Executing clean in D__JS+React_Micro Mentorship Project_mm_mm] INFO  o.eclipse.m2e.core.internal.Bundles - 	Entry: C:\Users\sharm\.p2\pool\plugins\org.eclipse.m2e.maven.runtime_3.9.900.20240824-1409\jars\maven-resolver-api-1.9.22.jar
2026-02-12 14:03:41,451 [Worker-95: Launching Executing clean in D__JS+React_Micro Mentorship Project_mm_mm] INFO  o.eclipse.m2e.core.internal.Bundles - 	Entry: C:\Users\sharm\.p2\pool\plugins\org.eclipse.m2e.maven.runtime_3.9.900.20240824-1409\jars\maven-resolver-connector-basic-1.9.22.jar
2026-02-12 14:03:41,451 [Worker-95: Launching Executing clean in D__JS+React_Micro Mentorship Project_mm_mm] INFO  o.eclipse.m2e.core.internal.Bundles - 	Entry: C:\Users\sharm\.p2\pool\plugins\org.eclipse.m2e.maven.runtime_3.9.900.20240824-1409\jars\maven-resolver-impl-1.9.22.jar
2026-02-12 14:03:41,451 [Worker-95: Launching Executing clean in D__JS+React_Micro Mentorship Project_mm_mm] INFO  o.eclipse.m2e.core.internal.Bundles - 	Entry: C:\Users\sharm\.p2\pool\plugins\org.eclipse.m2e.maven.runtime_3.9.900.20240824-1409\jars\maven-resolver-named-locks-1.9.22.jar
2026-02-12 14:03:41,451 [Worker-95: Launching Executing clean in D__JS+React_Micro Mentorship Project_mm_mm] INFO  o.eclipse.m2e.core.internal.Bundles - 	Entry: C:\Users\sharm\.p2\pool\plugins\org.eclipse.m2e.maven.runtime_3.9.900.20240824-1409\jars\maven-resolver-provider-3.9.9.jar
2026-02-12 14:03:41,451 [Worker-95: Launching Executing clean in D__JS+React_Micro Mentorship Project_mm_mm] INFO  o.eclipse.m2e.core.internal.Bundles - 	Entry: C:\Users\sharm\.p2\pool\plugins\org.eclipse.m2e.maven.runtime_3.9.900.20240824-1409\jars\maven-resolver-spi-1.9.22.jar
2026-02-12 14:03:41,451 [Worker-95: Launching Executing clean in D__JS+React_Micro Mentorship Project_mm_mm] INFO  o.eclipse.m2e.core.internal.Bundles - 	Entry: C:\Users\sharm\.p2\pool\plugins\org.eclipse.m2e.maven.runtime_3.9.900.20240824-1409\jars\maven-resolver-transport-file-1.9.22.jar
2026-02-12 14:03:41,451 [Worker-95: Launching Executing clean in D__JS+React_Micro Mentorship Project_mm_mm] INFO  o.eclipse.m2e.core.internal.Bundles - 	Entry: C:\Users\sharm\.p2\pool\plugins\org.eclipse.m2e.maven.runtime_3.9.900.20240824-1409\jars\maven-resolver-transport-http-1.9.22.jar
2026-02-12 14:03:41,451 [Worker-95: Launching Executing clean in D__JS+React_Micro Mentorship Project_mm_mm] INFO  o.eclipse.m2e.core.internal.Bundles - 	Entry: C:\Users\sharm\.p2\pool\plugins\org.eclipse.m2e.maven.runtime_3.9.900.20240824-1409\jars\maven-resolver-transport-wagon-1.9.22.jar
2026-02-12 14:03:41,451 [Worker-95: Launching Executing clean in D__JS+React_Micro Mentorship Project_mm_mm] INFO  o.eclipse.m2e.core.internal.Bundles - 	Entry: C:\Users\sharm\.p2\pool\plugins\org.eclipse.m2e.maven.runtime_3.9.900.20240824-1409\jars\maven-resolver-util-1.9.22.jar
2026-02-12 14:03:41,451 [Worker-95: Launching Executing clean in D__JS+React_Micro Mentorship Project_mm_mm] INFO  o.eclipse.m2e.core.internal.Bundles - 	Entry: C:\Users\sharm\.p2\pool\plugins\org.eclipse.m2e.maven.runtime_3.9.900.20240824-1409\jars\maven-settings-3.9.9.jar
2026-02-12 14:03:41,451 [Worker-95: Launching Executing clean in D__JS+React_Micro Mentorship Project_mm_mm] INFO  o.eclipse.m2e.core.internal.Bundles - 	Entry: C:\Users\sharm\.p2\pool\plugins\org.eclipse.m2e.maven.runtime_3.9.900.20240824-1409\jars\maven-settings-builder-3.9.9.jar
2026-02-12 14:03:41,451 [Worker-95: Launching Executing clean in D__JS+React_Micro Mentorship Project_mm_mm] INFO  o.eclipse.m2e.core.internal.Bundles - 	Entry: C:\Users\sharm\.p2\pool\plugins\org.eclipse.m2e.maven.runtime_3.9.900.20240824-1409\jars\maven-shared-utils-3.4.2.jar
2026-02-12 14:03:41,452 [Worker-95: Launching Executing clean in D__JS+React_Micro Mentorship Project_mm_mm] INFO  o.eclipse.m2e.core.internal.Bundles - 	Entry: C:\Users\sharm\.p2\pool\plugins\org.eclipse.m2e.maven.runtime_3.9.900.20240824-1409\jars\org.eclipse.sisu.inject-0.9.0.M3.jar
2026-02-12 14:03:41,452 [Worker-95: Launching Executing clean in D__JS+React_Micro Mentorship Project_mm_mm] INFO  o.eclipse.m2e.core.internal.Bundles - 	Entry: C:\Users\sharm\.p2\pool\plugins\org.eclipse.m2e.maven.runtime_3.9.900.20240824-1409\jars\org.eclipse.sisu.plexus-0.9.0.M3.jar
2026-02-12 14:03:41,452 [Worker-95: Launching Executing clean in D__JS+React_Micro Mentorship Project_mm_mm] INFO  o.eclipse.m2e.core.internal.Bundles - 	Entry: C:\Users\sharm\.p2\pool\plugins\org.eclipse.m2e.maven.runtime_3.9.900.20240824-1409\jars\plexus-build-api-0.0.7.jar
2026-02-12 14:03:41,452 [Worker-95: Launching Executing clean in D__JS+React_Micro Mentorship Project_mm_mm] INFO  o.eclipse.m2e.core.internal.Bundles - 	Entry: C:\Users\sharm\.p2\pool\plugins\org.eclipse.m2e.maven.runtime_3.9.900.20240824-1409\jars\plexus-build-api-1.2.0.jar
2026-02-12 14:03:41,452 [Worker-95: Launching Executing clean in D__JS+React_Micro Mentorship Project_mm_mm] INFO  o.eclipse.m2e.core.internal.Bundles - 	Entry: C:\Users\sharm\.p2\pool\plugins\org.eclipse.m2e.maven.runtime_3.9.900.20240824-1409\jars\plexus-cipher-2.0.jar
2026-02-12 14:03:41,452 [Worker-95: Launching Executing clean in D__JS+React_Micro Mentorship Project_mm_mm] INFO  o.eclipse.m2e.core.internal.Bundles - 	Entry: C:\Users\sharm\.p2\pool\plugins\org.eclipse.m2e.maven.runtime_3.9.900.20240824-1409\jars\plexus-classworlds-2.8.0.jar
2026-02-12 14:03:41,452 [Worker-95: Launching Executing clean in D__JS+React_Micro Mentorship Project_mm_mm] INFO  o.eclipse.m2e.core.internal.Bundles - 	Entry: C:\Users\sharm\.p2\pool\plugins\org.eclipse.m2e.maven.runtime_3.9.900.20240824-1409\jars\plexus-component-annotations-2.1.0.jar
2026-02-12 14:03:41,452 [Worker-95: Launching Executing clean in D__JS+React_Micro Mentorship Project_mm_mm] INFO  o.eclipse.m2e.core.internal.Bundles - 	Entry: C:\Users\sharm\.p2\pool\plugins\org.eclipse.m2e.maven.runtime_3.9.900.20240824-1409\jars\plexus-interpolation-1.27.jar
2026-02-12 14:03:41,452 [Worker-95: Launching Executing clean in D__JS+React_Micro Mentorship Project_mm_mm] INFO  o.eclipse.m2e.core.internal.Bundles - 	Entry: C:\Users\sharm\.p2\pool\plugins\org.eclipse.m2e.maven.runtime_3.9.900.20240824-1409\jars\plexus-sec-dispatcher-2.0.jar
2026-02-12 14:03:41,453 [Worker-95: Launching Executing clean in D__JS+React_Micro Mentorship Project_mm_mm] INFO  o.eclipse.m2e.core.internal.Bundles - 	Entry: C:\Users\sharm\.p2\pool\plugins\org.eclipse.m2e.maven.runtime_3.9.900.20240824-1409\jars\plexus-utils-3.5.1.jar
2026-02-12 14:03:41,453 [Worker-95: Launching Executing clean in D__JS+React_Micro Mentorship Project_mm_mm] INFO  o.eclipse.m2e.core.internal.Bundles - 	Entry: C:\Users\sharm\.p2\pool\plugins\org.eclipse.m2e.maven.runtime_3.9.900.20240824-1409\jars\plexus-xml-3.0.1.jar
2026-02-12 14:03:41,453 [Worker-95: Launching Executing clean in D__JS+React_Micro Mentorship Project_mm_mm] INFO  o.eclipse.m2e.core.internal.Bundles - 	Entry: C:\Users\sharm\.p2\pool\plugins\org.eclipse.m2e.maven.runtime_3.9.900.20240824-1409\jars\wagon-file-3.5.3.jar
2026-02-12 14:03:41,453 [Worker-95: Launching Executing clean in D__JS+React_Micro Mentorship Project_mm_mm] INFO  o.eclipse.m2e.core.internal.Bundles - 	Entry: C:\Users\sharm\.p2\pool\plugins\org.eclipse.m2e.maven.runtime_3.9.900.20240824-1409\jars\wagon-http-3.5.3.jar
2026-02-12 14:03:41,453 [Worker-95: Launching Executing clean in D__JS+React_Micro Mentorship Project_mm_mm] INFO  o.eclipse.m2e.core.internal.Bundles - 	Entry: C:\Users\sharm\.p2\pool\plugins\org.eclipse.m2e.maven.runtime_3.9.900.20240824-1409\jars\wagon-http-shared-3.5.3.jar
2026-02-12 14:03:41,453 [Worker-95: Launching Executing clean in D__JS+React_Micro Mentorship Project_mm_mm] INFO  o.eclipse.m2e.core.internal.Bundles - 	Entry: C:\Users\sharm\.p2\pool\plugins\org.eclipse.m2e.maven.runtime_3.9.900.20240824-1409\jars\wagon-provider-api-3.5.3.jar
2026-02-12 14:03:41,454 [Worker-95: Launching Executing clean in D__JS+React_Micro Mentorship Project_mm_mm] INFO  o.eclipse.m2e.core.internal.Bundles - getClasspathEntries(Bundle=com.google.guava_33.3.0.jre [10])
2026-02-12 14:03:41,454 [Worker-95: Launching Executing clean in D__JS+React_Micro Mentorship Project_mm_mm] INFO  o.eclipse.m2e.core.internal.Bundles - 	Entry: C:\Users\sharm\.p2\pool\plugins\com.google.guava_33.3.0.jre.jar
2026-02-12 14:03:41,454 [Worker-95: Launching Executing clean in D__JS+React_Micro Mentorship Project_mm_mm] INFO  o.eclipse.m2e.core.internal.Bundles - getClasspathEntries(Bundle=slf4j.api_2.0.16 [521])
2026-02-12 14:03:41,456 [Worker-95: Launching Executing clean in D__JS+React_Micro Mentorship Project_mm_mm] INFO  o.eclipse.m2e.core.internal.Bundles - 	Entry: C:\Users\sharm\.p2\pool\plugins\slf4j.api_2.0.16.jar
2026-02-12 14:03:41,457 [Worker-95: Launching Executing clean in D__JS+React_Micro Mentorship Project_mm_mm] INFO  o.eclipse.m2e.core.internal.Bundles - getClasspathEntries(Bundle=jakarta.inject.jakarta.inject-api_1.0.5 [22])
2026-02-12 14:03:41,457 [Worker-95: Launching Executing clean in D__JS+React_Micro Mentorship Project_mm_mm] INFO  o.eclipse.m2e.core.internal.Bundles - 	Entry: C:\Users\sharm\.p2\pool\plugins\jakarta.inject.jakarta.inject-api_1.0.5.jar
2026-02-12 14:03:41,457 [Worker-95: Launching Executing clean in D__JS+React_Micro Mentorship Project_mm_mm] INFO  o.eclipse.m2e.core.internal.Bundles - getClasspathEntries(Bundle=jakarta.annotation-api_1.3.5 [20])
2026-02-12 14:03:41,457 [Worker-95: Launching Executing clean in D__JS+React_Micro Mentorship Project_mm_mm] INFO  o.eclipse.m2e.core.internal.Bundles - 	Entry: C:\Users\sharm\.p2\pool\plugins\jakarta.annotation-api_1.3.5.jar
2026-02-12 14:03:41,458 [Worker-95: Launching Executing clean in D__JS+React_Micro Mentorship Project_mm_mm] INFO  o.eclipse.m2e.core.internal.Bundles - getClasspathEntries(Bundle=org.apache.commons.cli_1.9.0 [47])
2026-02-12 14:03:41,458 [Worker-95: Launching Executing clean in D__JS+React_Micro Mentorship Project_mm_mm] INFO  o.eclipse.m2e.core.internal.Bundles - 	Entry: C:\Users\sharm\.p2\pool\plugins\org.apache.commons.cli_1.9.0.jar
2026-02-12 14:03:41,458 [Worker-95: Launching Executing clean in D__JS+React_Micro Mentorship Project_mm_mm] INFO  o.eclipse.m2e.core.internal.Bundles - getClasspathEntries(Bundle=org.apache.commons.commons-codec_1.16.0 [50])
2026-02-12 14:03:41,458 [Worker-95: Launching Executing clean in D__JS+React_Micro Mentorship Project_mm_mm] INFO  o.eclipse.m2e.core.internal.Bundles - 	Entry: C:\Users\sharm\.p2\pool\plugins\org.apache.commons.commons-codec_1.16.0.jar
2026-02-12 14:03:41,458 [Worker-95: Launching Executing clean in D__JS+React_Micro Mentorship Project_mm_mm] INFO  o.eclipse.m2e.core.internal.Bundles - getClasspathEntries(Bundle=com.google.guava.failureaccess_1.0.2 [11])
2026-02-12 14:03:41,459 [Worker-95: Launching Executing clean in D__JS+React_Micro Mentorship Project_mm_mm] INFO  o.eclipse.m2e.core.internal.Bundles - 	Entry: C:\Users\sharm\.p2\pool\plugins\com.google.guava.failureaccess_1.0.2.jar
2026-02-12 14:03:41,463 [Worker-95: Launching Executing clean in D__JS+React_Micro Mentorship Project_mm_mm] INFO  o.e.m.i.launch.MavenLaunchDelegate - Run build in "D:\JS+React\Micro Mentorship Project\mm\mm":
2026-02-12 14:03:41,463 [Worker-95: Launching Executing clean in D__JS+React_Micro Mentorship Project_mm_mm] INFO  o.e.m.i.launch.MavenLaunchDelegate -  mvn  -B -Dstyle.color=always clean
2026-02-12 14:03:41,472 [Worker-95: Launching Executing clean in D__JS+React_Micro Mentorship Project_mm_mm] ERROR o.e.m.c.i.p.r.ProjectRegistryManager - Failed to read Maven project: Some problems were encountered while processing the POMs:
[FATAL] Non-parseable POM D:\JS+React\Micro Mentorship Project\mm\mm\pom.xml: end tag name </scop> must match start tag name <scope> from line 83 (position: TEXT seen ...<scope>runtime</scop>... @83:28)  @ line 83, column 28

org.apache.maven.project.ProjectBuildingException: Some problems were encountered while processing the POMs:
[FATAL] Non-parseable POM D:\JS+React\Micro Mentorship Project\mm\mm\pom.xml: end tag name </scop> must match start tag name <scope> from line 83 (position: TEXT seen ...<scope>runtime</scop>... @83:28)  @ line 83, column 28

	at org.eclipse.m2e.core.internal.IMavenToolbox.readMavenProjects(IMavenToolbox.java:140)
	at org.eclipse.m2e.core.internal.project.registry.ProjectRegistryManager.lambda$22(ProjectRegistryManager.java:943)
	at org.eclipse.m2e.core.internal.embedder.MavenExecutionContext.executeBare(MavenExecutionContext.java:458)
	at org.eclipse.m2e.core.internal.embedder.MavenExecutionContext.execute(MavenExecutionContext.java:339)
	at org.eclipse.m2e.core.internal.embedder.MavenExecutionContext.execute(MavenExecutionContext.java:278)
	at org.eclipse.m2e.core.internal.project.registry.ProjectRegistryManager.readProjectsWithDependencies(ProjectRegistryManager.java:939)
	at org.eclipse.m2e.core.internal.project.registry.ProjectRegistryManager.create(ProjectRegistryManager.java:219)
	at org.eclipse.m2e.core.internal.project.registry.MavenProjectManager.create(MavenProjectManager.java:105)
	at org.eclipse.m2e.internal.launch.MavenLaunchDelegate.readEnforcedJavaVersion(MavenLaunchDelegate.java:251)
	at org.eclipse.m2e.internal.launch.MavenLaunchDelegate.getVMInstall(MavenLaunchDelegate.java:224)
	at org.eclipse.jdt.launching.AbstractJavaLaunchConfigurationDelegate.getBootpathExt(AbstractJavaLaunchConfigurationDelegate.java:363)
	at org.eclipse.jdt.launching.AbstractJavaLaunchConfigurationDelegate.getVMSpecificAttributesMap(AbstractJavaLaunchConfigurationDelegate.java:679)
	at org.eclipse.jdt.launching.JavaLaunchDelegate.getVMRunnerConfiguration(JavaLaunchDelegate.java:92)
	at org.eclipse.jdt.launching.JavaLaunchDelegate.launch(JavaLaunchDelegate.java:160)
	at org.eclipse.m2e.internal.launch.MavenLaunchDelegate.launch(MavenLaunchDelegate.java:133)
	at org.eclipse.debug.internal.core.LaunchConfiguration.launch(LaunchConfiguration.java:805)
	at org.eclipse.debug.internal.core.LaunchConfiguration.launch(LaunchConfiguration.java:716)
	at org.eclipse.debug.internal.ui.DebugUIPlugin.buildAndLaunch(DebugUIPlugin.java:1054)
	at org.eclipse.debug.internal.ui.DebugUIPlugin$1.run(DebugUIPlugin.java:1257)
	at org.eclipse.core.internal.jobs.Worker.run(Worker.java:63)
2026-02-12 14:03:41,481 [Worker-95: Launching Executing clean in D__JS+React_Micro Mentorship Project_mm_mm] ERROR o.e.m.c.i.p.r.ProjectRegistryManager - Failed to read Maven project: Some problems were encountered while processing the POMs:
[FATAL] Non-parseable POM D:\JS+React\Micro Mentorship Project\mm\mm\pom.xml: end tag name </scop> must match start tag name <scope> from line 83 (position: TEXT seen ...<scope>runtime</scop>... @83:28)  @ line 83, column 28

org.apache.maven.project.ProjectBuildingException: Some problems were encountered while processing the POMs:
[FATAL] Non-parseable POM D:\JS+React\Micro Mentorship Project\mm\mm\pom.xml: end tag name </scop> must match start tag name <scope> from line 83 (position: TEXT seen ...<scope>runtime</scop>... @83:28)  @ line 83, column 28

	at org.eclipse.m2e.core.internal.IMavenToolbox.readMavenProjects(IMavenToolbox.java:140)
	at org.eclipse.m2e.core.internal.project.registry.ProjectRegistryManager.lambda$22(ProjectRegistryManager.java:943)
	at org.eclipse.m2e.core.internal.embedder.MavenExecutionContext.executeBare(MavenExecutionContext.java:458)
	at org.eclipse.m2e.core.internal.embedder.MavenExecutionContext.execute(MavenExecutionContext.java:339)
	at org.eclipse.m2e.core.internal.embedder.MavenExecutionContext.execute(MavenExecutionContext.java:278)
	at org.eclipse.m2e.core.internal.project.registry.ProjectRegistryManager.readProjectsWithDependencies(ProjectRegistryManager.java:939)
	at org.eclipse.m2e.core.internal.project.registry.ProjectRegistryManager.create(ProjectRegistryManager.java:219)
	at org.eclipse.m2e.core.internal.project.registry.MavenProjectManager.create(MavenProjectManager.java:105)
	at org.eclipse.m2e.internal.launch.MavenLaunchDelegate.readEnforcedJavaVersion(MavenLaunchDelegate.java:251)
	at org.eclipse.m2e.internal.launch.MavenLaunchDelegate.getVMInstall(MavenLaunchDelegate.java:224)
	at org.eclipse.jdt.launching.AbstractJavaLaunchConfigurationDelegate.verifyVMInstall(AbstractJavaLaunchConfigurationDelegate.java:203)
	at org.eclipse.jdt.launching.AbstractJavaLaunchConfigurationDelegate.getVMRunner(AbstractJavaLaunchConfigurationDelegate.java:1053)
	at org.eclipse.m2e.internal.launch.MavenLaunchDelegate.getVMRunner(MavenLaunchDelegate.java:154)
	at org.eclipse.jdt.launching.JavaLaunchDelegate.launch(JavaLaunchDelegate.java:175)
	at org.eclipse.m2e.internal.launch.MavenLaunchDelegate.launch(MavenLaunchDelegate.java:133)
	at org.eclipse.debug.internal.core.LaunchConfiguration.launch(LaunchConfiguration.java:805)
	at org.eclipse.debug.internal.core.LaunchConfiguration.launch(LaunchConfiguration.java:716)
	at org.eclipse.debug.internal.ui.DebugUIPlugin.buildAndLaunch(DebugUIPlugin.java:1054)
	at org.eclipse.debug.internal.ui.DebugUIPlugin$1.run(DebugUIPlugin.java:1257)
	at org.eclipse.core.internal.jobs.Worker.run(Worker.java:63)
2026-02-12 14:03:57,533 [Worker-95: Updating Maven Project] INFO  o.e.m.c.i.p.ProjectConfigurationManager - Update started
2026-02-12 14:03:57,541 [Worker-95: Updating Maven Project] ERROR o.e.m.c.i.p.r.ProjectRegistryManager - Could not read pom.xml
org.eclipse.core.runtime.CoreException: Could not read pom.xml
	at org.eclipse.m2e.core.internal.IMavenToolbox.readModel(IMavenToolbox.java:245)
	at org.eclipse.m2e.core.internal.project.registry.ProjectRegistryManager.refreshPhase2(ProjectRegistryManager.java:591)
	at org.eclipse.m2e.core.internal.project.registry.ProjectRegistryManager.refresh(ProjectRegistryManager.java:491)
	at org.eclipse.m2e.core.internal.project.registry.ProjectRegistryManager.refresh(ProjectRegistryManager.java:370)
	at org.eclipse.m2e.core.internal.project.registry.ProjectRegistryManager.refresh(ProjectRegistryManager.java:322)
	at org.eclipse.m2e.core.internal.project.ProjectConfigurationManager.updateProjectConfiguration0(ProjectConfigurationManager.java:388)
	at org.eclipse.m2e.core.internal.project.ProjectConfigurationManager.lambda$3(ProjectConfigurationManager.java:340)
	at org.eclipse.m2e.core.internal.embedder.MavenExecutionContext.executeBare(MavenExecutionContext.java:458)
	at org.eclipse.m2e.core.internal.embedder.MavenExecutionContext.execute(MavenExecutionContext.java:339)
	at org.eclipse.m2e.core.internal.embedder.MavenExecutionContext.execute(MavenExecutionContext.java:278)
	at org.eclipse.m2e.core.internal.embedder.MavenImpl.execute(MavenImpl.java:1053)
	at org.eclipse.m2e.core.internal.project.ProjectConfigurationManager.updateProjectConfiguration(ProjectConfigurationManager.java:339)
	at org.eclipse.m2e.core.ui.internal.UpdateMavenProjectJob.runInWorkspace(UpdateMavenProjectJob.java:80)
	at org.eclipse.core.internal.resources.InternalWorkspaceJob.run(InternalWorkspaceJob.java:43)
	at org.eclipse.core.internal.jobs.Worker.run(Worker.java:63)
Caused by: org.apache.maven.model.io.ModelParseException: end tag name </scop> must match start tag name <scope> from line 83 (position: TEXT seen ...<scope>runtime</scop>... @83:28) 
	at org.apache.maven.model.io.DefaultModelReader.read(DefaultModelReader.java:96)
	at org.apache.maven.model.io.DefaultModelReader.read(DefaultModelReader.java:74)
	at org.eclipse.m2e.core.internal.IMavenToolbox.readModel(IMavenToolbox.java:243)
	... 14 common frames omitted
Caused by: org.codehaus.plexus.util.xml.pull.XmlPullParserException: end tag name </scop> must match start tag name <scope> from line 83 (position: TEXT seen ...<scope>runtime</scop>... @83:28) 
	at org.codehaus.plexus.util.xml.pull.MXParser.parseEndTag(MXParser.java:2151)
	at org.codehaus.plexus.util.xml.pull.MXParser.nextImpl(MXParser.java:1418)
	at org.codehaus.plexus.util.xml.pull.MXParser.next(MXParser.java:1375)
	at org.codehaus.plexus.util.xml.pull.MXParser.nextText(MXParser.java:1335)
	at org.apache.maven.model.io.xpp3.MavenXpp3Reader.parseDependency(MavenXpp3Reader.java:1446)
	at org.apache.maven.model.io.xpp3.MavenXpp3Reader.parseModel(MavenXpp3Reader.java:2321)
	at org.apache.maven.model.io.xpp3.MavenXpp3Reader.read(MavenXpp3Reader.java:623)
	at org.apache.maven.model.io.xpp3.MavenXpp3Reader.read(MavenXpp3Reader.java:654)
	at org.apache.maven.model.io.DefaultModelReader.read(DefaultModelReader.java:93)
	... 16 common frames omitted
2026-02-12 14:03:57,542 [Worker-95: Updating Maven Project] INFO  o.e.m.c.i.p.ProjectConfigurationManager - Update completed for 1 poms: local refresh takes 0.00 sec, refresh facades takes 0.00 sec, update config takes 0.00 sec 
2026-02-12 14:04:30,248 [Worker-99: Building] INFO  o.e.m.c.i.l.LifecycleMappingFactory - Using org.eclipse.m2e.jdt.JarLifecycleMapping lifecycle mapping for MavenProject: com.micromentorship:mm:0.0.1-SNAPSHOT @ D:\JS+React\Micro Mentorship Project\mm\mm\pom.xml.
2026-02-12 14:04:30,852 [Worker-99: Building] INFO  o.a.m.s.f.DefaultMavenResourcesFiltering - Copying 1 resource from src\main\resources to target\classes
2026-02-12 14:04:30,859 [Worker-99: Building] INFO  o.a.m.s.f.DefaultMavenResourcesFiltering - Copying 0 resource from src\main\resources to target\classes
2026-02-12 14:04:30,862 [Worker-99: Building] INFO  o.a.m.s.f.DefaultMavenResourcesFiltering - skip non existing resourceDirectory D:\JS+React\Micro Mentorship Project\mm\mm\src\test\resources
2026-02-12 14:04:32,031 [Worker-96: Building] INFO  o.a.m.s.f.DefaultMavenResourcesFiltering - Copying 1 resource from src\main\resources to target\classes
2026-02-12 14:04:32,032 [Worker-96: Building] INFO  o.a.m.s.f.DefaultMavenResourcesFiltering - Copying 0 resource from src\main\resources to target\classes
2026-02-12 14:04:32,034 [Worker-96: Building] INFO  o.a.m.s.f.DefaultMavenResourcesFiltering - skip non existing resourceDirectory D:\JS+React\Micro Mentorship Project\mm\mm\src\test\resources
2026-02-12 14:04:51,739 [Worker-97: Updating Maven Project] INFO  o.e.m.c.i.p.ProjectConfigurationManager - Update started
2026-02-12 14:04:51,943 [Worker-97: Updating Maven Project] INFO  o.e.m.c.i.l.LifecycleMappingFactory - Using org.eclipse.m2e.jdt.JarLifecycleMapping lifecycle mapping for MavenProject: com.micromentorship:mm:0.0.1-SNAPSHOT @ D:\JS+React\Micro Mentorship Project\mm\mm\pom.xml.
2026-02-12 14:04:52,341 [Worker-97: Updating Maven Project] INFO  o.e.m.j.i.AbstractJavaProjectConfigurator - Adding source folder /mm/src/main/java
2026-02-12 14:04:52,341 [Worker-97: Updating Maven Project] INFO  o.e.m.j.i.AbstractJavaProjectConfigurator - Adding resource folder /mm/src/main/resources
2026-02-12 14:04:52,342 [Worker-97: Updating Maven Project] INFO  o.e.m.j.i.AbstractJavaProjectConfigurator - Adding resource folder /mm/src/main/resources
2026-02-12 14:04:52,342 [Worker-97: Updating Maven Project] INFO  o.e.m.j.i.AbstractJavaProjectConfigurator - Adding source folder /mm/src/test/java
2026-02-12 14:04:52,342 [Worker-97: Updating Maven Project] INFO  o.e.m.j.i.AbstractJavaProjectConfigurator - Adding resource folder /mm/src/test/resources
2026-02-12 14:04:52,527 [Worker-97: Updating Maven Project] INFO  o.e.m.c.i.p.ProjectConfigurationManager - Update completed for 1 poms: local refresh takes 0.00 sec, refresh facades takes 0.00 sec, update config takes 0.00 sec 
2026-02-12 14:04:52,856 [Worker-98: Building] INFO  o.a.m.s.f.DefaultMavenResourcesFiltering - Copying 1 resource from src\main\resources to target\classes
2026-02-12 14:04:52,870 [Worker-98: Building] INFO  o.a.m.s.f.DefaultMavenResourcesFiltering - Copying 0 resource from src\main\resources to target\classes
2026-02-12 14:04:52,874 [Worker-98: Building] INFO  o.a.m.s.f.DefaultMavenResourcesFiltering - skip non existing resourceDirectory D:\JS+React\Micro Mentorship Project\mm\mm\src\test\resources
2026-02-12 14:08:13,696 [Worker-98: Updating Maven Project] INFO  o.e.m.c.i.p.ProjectConfigurationManager - Update started
2026-02-12 14:08:13,911 [Worker-98: Updating Maven Project] INFO  o.e.m.c.i.l.LifecycleMappingFactory - Using org.eclipse.m2e.jdt.JarLifecycleMapping lifecycle mapping for MavenProject: com.micromentorship:mm:0.0.1-SNAPSHOT @ D:\JS+React\Micro Mentorship Project\mm\mm\pom.xml.
2026-02-12 14:08:14,320 [Worker-98: Updating Maven Project] INFO  o.e.m.j.i.AbstractJavaProjectConfigurator - Adding source folder /mm/src/main/java
2026-02-12 14:08:14,320 [Worker-98: Updating Maven Project] INFO  o.e.m.j.i.AbstractJavaProjectConfigurator - Adding resource folder /mm/src/main/resources
2026-02-12 14:08:14,320 [Worker-98: Updating Maven Project] INFO  o.e.m.j.i.AbstractJavaProjectConfigurator - Adding resource folder /mm/src/main/resources
2026-02-12 14:08:14,321 [Worker-98: Updating Maven Project] INFO  o.e.m.j.i.AbstractJavaProjectConfigurator - Adding source folder /mm/src/test/java
2026-02-12 14:08:14,321 [Worker-98: Updating Maven Project] INFO  o.e.m.j.i.AbstractJavaProjectConfigurator - Adding resource folder /mm/src/test/resources
2026-02-12 14:08:14,484 [Worker-98: Updating Maven Project] INFO  o.e.m.c.i.p.ProjectConfigurationManager - Update completed for 1 poms: local refresh takes 0.00 sec, refresh facades takes 0.00 sec, update config takes 0.00 sec 
2026-02-12 14:08:14,714 [Worker-101: Building] INFO  o.a.m.s.f.DefaultMavenResourcesFiltering - Copying 1 resource from src\main\resources to target\classes
2026-02-12 14:08:14,726 [Worker-101: Building] INFO  o.a.m.s.f.DefaultMavenResourcesFiltering - Copying 0 resource from src\main\resources to target\classes
2026-02-12 14:08:14,730 [Worker-101: Building] INFO  o.a.m.s.f.DefaultMavenResourcesFiltering - skip non existing resourceDirectory D:\JS+React\Micro Mentorship Project\mm\mm\src\test\resources
2026-02-12 14:08:39,495 [Worker-102: Updating Maven Project] INFO  o.e.m.c.i.p.ProjectConfigurationManager - Update started
2026-02-12 14:08:39,694 [Worker-102: Updating Maven Project] INFO  o.e.m.c.i.l.LifecycleMappingFactory - Using org.eclipse.m2e.jdt.JarLifecycleMapping lifecycle mapping for MavenProject: com.micromentorship:mm:0.0.1-SNAPSHOT @ D:\JS+React\Micro Mentorship Project\mm\mm\pom.xml.
2026-02-12 14:08:40,106 [Worker-102: Updating Maven Project] INFO  o.e.m.j.i.AbstractJavaProjectConfigurator - Adding source folder /mm/src/main/java
2026-02-12 14:08:40,106 [Worker-102: Updating Maven Project] INFO  o.e.m.j.i.AbstractJavaProjectConfigurator - Adding resource folder /mm/src/main/resources
2026-02-12 14:08:40,106 [Worker-102: Updating Maven Project] INFO  o.e.m.j.i.AbstractJavaProjectConfigurator - Adding resource folder /mm/src/main/resources
2026-02-12 14:08:40,107 [Worker-102: Updating Maven Project] INFO  o.e.m.j.i.AbstractJavaProjectConfigurator - Adding source folder /mm/src/test/java
2026-02-12 14:08:40,107 [Worker-102: Updating Maven Project] INFO  o.e.m.j.i.AbstractJavaProjectConfigurator - Adding resource folder /mm/src/test/resources
2026-02-12 14:08:40,255 [Worker-102: Updating Maven Project] INFO  o.e.m.c.i.p.ProjectConfigurationManager - Update completed for 1 poms: local refresh takes 0.00 sec, refresh facades takes 0.00 sec, update config takes 0.00 sec 
2026-02-12 14:08:40,494 [Worker-98: Building] INFO  o.a.m.s.f.DefaultMavenResourcesFiltering - Copying 1 resource from src\main\resources to target\classes
2026-02-12 14:08:40,502 [Worker-98: Building] INFO  o.a.m.s.f.DefaultMavenResourcesFiltering - Copying 0 resource from src\main\resources to target\classes
2026-02-12 14:08:40,504 [Worker-98: Building] INFO  o.a.m.s.f.DefaultMavenResourcesFiltering - skip non existing resourceDirectory D:\JS+React\Micro Mentorship Project\mm\mm\src\test\resources
2026-02-12 14:08:52,866 [Worker-102: Building] INFO  o.a.m.s.f.DefaultMavenResourcesFiltering - Copying 1 resource from src\main\resources to target\classes
2026-02-12 14:08:52,868 [Worker-102: Building] INFO  o.a.m.s.f.DefaultMavenResourcesFiltering - Copying 0 resource from src\main\resources to target\classes
2026-02-12 14:08:52,870 [Worker-102: Building] INFO  o.a.m.s.f.DefaultMavenResourcesFiltering - skip non existing resourceDirectory D:\JS+React\Micro Mentorship Project\mm\mm\src\test\resources
2026-02-12 14:18:04,097 [Worker-104: Building] INFO  o.a.m.s.f.DefaultMavenResourcesFiltering - Copying 1 resource from src\main\resources to target\classes
2026-02-12 14:18:04,102 [Worker-104: Building] INFO  o.a.m.s.f.DefaultMavenResourcesFiltering - Copying 0 resource from src\main\resources to target\classes
2026-02-12 14:18:04,104 [Worker-104: Building] INFO  o.a.m.s.f.DefaultMavenResourcesFiltering - skip non existing resourceDirectory D:\JS+React\Micro Mentorship Project\mm\mm\src\test\resources
2026-02-12 14:20:09,501 [Worker-110: Building] INFO  o.a.m.s.f.DefaultMavenResourcesFiltering - Copying 1 resource from src\main\resources to target\classes
2026-02-12 14:20:09,516 [Worker-110: Building] INFO  o.a.m.s.f.DefaultMavenResourcesFiltering - Copying 0 resource from src\main\resources to target\classes
2026-02-12 14:20:09,522 [Worker-110: Building] INFO  o.a.m.s.f.DefaultMavenResourcesFiltering - skip non existing resourceDirectory D:\JS+React\Micro Mentorship Project\mm\mm\src\test\resources
2026-02-12 14:23:33,733 [Worker-111: Building] INFO  o.a.m.s.f.DefaultMavenResourcesFiltering - Copying 1 resource from src\main\resources to target\classes
2026-02-12 14:23:33,740 [Worker-111: Building] INFO  o.a.m.s.f.DefaultMavenResourcesFiltering - Copying 0 resource from src\main\resources to target\classes
2026-02-12 14:23:33,742 [Worker-111: Building] INFO  o.a.m.s.f.DefaultMavenResourcesFiltering - skip non existing resourceDirectory D:\JS+React\Micro Mentorship Project\mm\mm\src\test\resources
2026-02-12 14:27:22,626 [Worker-104: Building] INFO  o.a.m.s.f.DefaultMavenResourcesFiltering - Copying 1 resource from src\main\resources to target\classes
2026-02-12 14:27:22,630 [Worker-104: Building] INFO  o.a.m.s.f.DefaultMavenResourcesFiltering - Copying 0 resource from src\main\resources to target\classes
2026-02-12 14:27:22,632 [Worker-104: Building] INFO  o.a.m.s.f.DefaultMavenResourcesFiltering - skip non existing resourceDirectory D:\JS+React\Micro Mentorship Project\mm\mm\src\test\resources
2026-02-12 14:28:20,781 [Worker-112: Building] INFO  o.a.m.s.f.DefaultMavenResourcesFiltering - Copying 1 resource from src\main\resources to target\classes
2026-02-12 14:28:20,787 [Worker-112: Building] INFO  o.a.m.s.f.DefaultMavenResourcesFiltering - Copying 0 resource from src\main\resources to target\classes
2026-02-12 14:28:20,789 [Worker-112: Building] INFO  o.a.m.s.f.DefaultMavenResourcesFiltering - skip non existing resourceDirectory D:\JS+React\Micro Mentorship Project\mm\mm\src\test\resources
2026-02-12 14:28:37,528 [Worker-104: Building] INFO  o.a.m.s.f.DefaultMavenResourcesFiltering - Copying 1 resource from src\main\resources to target\classes
2026-02-12 14:28:37,533 [Worker-104: Building] INFO  o.a.m.s.f.DefaultMavenResourcesFiltering - Copying 0 resource from src\main\resources to target\classes
2026-02-12 14:28:37,535 [Worker-104: Building] INFO  o.a.m.s.f.DefaultMavenResourcesFiltering - skip non existing resourceDirectory D:\JS+React\Micro Mentorship Project\mm\mm\src\test\resources
2026-02-13 11:43:27,970 [Worker-202: Building] INFO  o.a.m.s.f.DefaultMavenResourcesFiltering - Copying 1 resource from src\main\resources to target\classes
2026-02-13 11:43:27,984 [Worker-202: Building] INFO  o.a.m.s.f.DefaultMavenResourcesFiltering - Copying 0 resource from src\main\resources to target\classes
2026-02-13 11:43:27,987 [Worker-202: Building] INFO  o.a.m.s.f.DefaultMavenResourcesFiltering - skip non existing resourceDirectory D:\JS+React\Micro Mentorship Project\mm\mm\src\test\resources
2026-02-13 11:43:58,590 [Worker-104: Building] INFO  o.a.m.s.f.DefaultMavenResourcesFiltering - Copying 1 resource from src\main\resources to target\classes
2026-02-13 11:43:58,598 [Worker-104: Building] INFO  o.a.m.s.f.DefaultMavenResourcesFiltering - Copying 0 resource from src\main\resources to target\classes
2026-02-13 11:43:58,602 [Worker-104: Building] INFO  o.a.m.s.f.DefaultMavenResourcesFiltering - skip non existing resourceDirectory D:\JS+React\Micro Mentorship Project\mm\mm\src\test\resources
2026-02-13 11:44:03,477 [Worker-104: Building] INFO  o.a.m.s.f.DefaultMavenResourcesFiltering - Copying 1 resource from src\main\resources to target\classes
2026-02-13 11:44:03,481 [Worker-104: Building] INFO  o.a.m.s.f.DefaultMavenResourcesFiltering - Copying 0 resource from src\main\resources to target\classes
2026-02-13 11:44:03,483 [Worker-104: Building] INFO  o.a.m.s.f.DefaultMavenResourcesFiltering - skip non existing resourceDirectory D:\JS+React\Micro Mentorship Project\mm\mm\src\test\resources
2026-02-13 11:44:10,388 [Worker-214: Building] INFO  o.a.m.s.f.DefaultMavenResourcesFiltering - Copying 1 resource from src\main\resources to target\classes
2026-02-13 11:44:10,392 [Worker-214: Building] INFO  o.a.m.s.f.DefaultMavenResourcesFiltering - Copying 0 resource from src\main\resources to target\classes
2026-02-13 11:44:10,395 [Worker-214: Building] INFO  o.a.m.s.f.DefaultMavenResourcesFiltering - skip non existing resourceDirectory D:\JS+React\Micro Mentorship Project\mm\mm\src\test\resources
2026-02-13 11:44:31,997 [Worker-214: Building] INFO  o.a.m.s.f.DefaultMavenResourcesFiltering - Copying 1 resource from src\main\resources to target\classes
2026-02-13 11:44:32,001 [Worker-214: Building] INFO  o.a.m.s.f.DefaultMavenResourcesFiltering - Copying 0 resource from src\main\resources to target\classes
2026-02-13 11:44:32,003 [Worker-214: Building] INFO  o.a.m.s.f.DefaultMavenResourcesFiltering - skip non existing resourceDirectory D:\JS+React\Micro Mentorship Project\mm\mm\src\test\resources
2026-02-13 11:45:14,307 [Worker-214: Building] INFO  o.a.m.s.f.DefaultMavenResourcesFiltering - Copying 1 resource from src\main\resources to target\classes
2026-02-13 11:45:14,310 [Worker-214: Building] INFO  o.a.m.s.f.DefaultMavenResourcesFiltering - Copying 0 resource from src\main\resources to target\classes
2026-02-13 11:45:14,312 [Worker-214: Building] INFO  o.a.m.s.f.DefaultMavenResourcesFiltering - skip non existing resourceDirectory D:\JS+React\Micro Mentorship Project\mm\mm\src\test\resources
2026-02-13 11:45:28,069 [Worker-214: Building] INFO  o.a.m.s.f.DefaultMavenResourcesFiltering - Copying 1 resource from src\main\resources to target\classes
2026-02-13 11:45:28,073 [Worker-214: Building] INFO  o.a.m.s.f.DefaultMavenResourcesFiltering - Copying 0 resource from src\main\resources to target\classes
2026-02-13 11:45:28,075 [Worker-214: Building] INFO  o.a.m.s.f.DefaultMavenResourcesFiltering - skip non existing resourceDirectory D:\JS+React\Micro Mentorship Project\mm\mm\src\test\resources
2026-02-13 11:53:31,239 [Worker-213: Building] INFO  o.a.m.s.f.DefaultMavenResourcesFiltering - Copying 1 resource from src\main\resources to target\classes
2026-02-13 11:53:31,244 [Worker-213: Building] INFO  o.a.m.s.f.DefaultMavenResourcesFiltering - Copying 0 resource from src\main\resources to target\classes
2026-02-13 11:53:31,245 [Worker-213: Building] INFO  o.a.m.s.f.DefaultMavenResourcesFiltering - skip non existing resourceDirectory D:\JS+React\Micro Mentorship Project\mm\mm\src\test\resources
2026-02-13 12:03:23,879 [Worker-219: Building] INFO  o.a.m.s.f.DefaultMavenResourcesFiltering - Copying 1 resource from src\main\resources to target\classes
2026-02-13 12:03:23,885 [Worker-219: Building] INFO  o.a.m.s.f.DefaultMavenResourcesFiltering - Copying 0 resource from src\main\resources to target\classes
2026-02-13 12:03:23,886 [Worker-219: Building] INFO  o.a.m.s.f.DefaultMavenResourcesFiltering - skip non existing resourceDirectory D:\JS+React\Micro Mentorship Project\mm\mm\src\test\resources
2026-02-13 12:04:09,689 [Worker-220: Building] INFO  o.a.m.s.f.DefaultMavenResourcesFiltering - Copying 1 resource from src\main\resources to target\classes
2026-02-13 12:04:09,693 [Worker-220: Building] INFO  o.a.m.s.f.DefaultMavenResourcesFiltering - Copying 0 resource from src\main\resources to target\classes
2026-02-13 12:04:09,695 [Worker-220: Building] INFO  o.a.m.s.f.DefaultMavenResourcesFiltering - skip non existing resourceDirectory D:\JS+React\Micro Mentorship Project\mm\mm\src\test\resources
2026-02-13 12:07:00,143 [Worker-217: Building] INFO  o.a.m.s.f.DefaultMavenResourcesFiltering - Copying 1 resource from src\main\resources to target\classes
2026-02-13 12:07:00,146 [Worker-217: Building] INFO  o.a.m.s.f.DefaultMavenResourcesFiltering - Copying 0 resource from src\main\resources to target\classes
2026-02-13 12:07:00,148 [Worker-217: Building] INFO  o.a.m.s.f.DefaultMavenResourcesFiltering - skip non existing resourceDirectory D:\JS+React\Micro Mentorship Project\mm\mm\src\test\resources
2026-02-13 12:12:06,984 [Worker-218: Building] INFO  o.a.m.s.f.DefaultMavenResourcesFiltering - Copying 1 resource from src\main\resources to target\classes
2026-02-13 12:12:06,988 [Worker-218: Building] INFO  o.a.m.s.f.DefaultMavenResourcesFiltering - Copying 0 resource from src\main\resources to target\classes
2026-02-13 12:12:06,990 [Worker-218: Building] INFO  o.a.m.s.f.DefaultMavenResourcesFiltering - skip non existing resourceDirectory D:\JS+React\Micro Mentorship Project\mm\mm\src\test\resources
2026-02-13 12:12:47,338 [Worker-218: Building] INFO  o.a.m.s.f.DefaultMavenResourcesFiltering - Copying 1 resource from src\main\resources to target\classes
2026-02-13 12:12:47,341 [Worker-218: Building] INFO  o.a.m.s.f.DefaultMavenResourcesFiltering - Copying 0 resource from src\main\resources to target\classes
2026-02-13 12:12:47,343 [Worker-218: Building] INFO  o.a.m.s.f.DefaultMavenResourcesFiltering - skip non existing resourceDirectory D:\JS+React\Micro Mentorship Project\mm\mm\src\test\resources
2026-02-13 12:13:17,732 [Worker-216: Building] INFO  o.a.m.s.f.DefaultMavenResourcesFiltering - Copying 1 resource from src\main\resources to target\classes
2026-02-13 12:13:17,737 [Worker-216: Building] INFO  o.a.m.s.f.DefaultMavenResourcesFiltering - Copying 0 resource from src\main\resources to target\classes
2026-02-13 12:13:17,740 [Worker-216: Building] INFO  o.a.m.s.f.DefaultMavenResourcesFiltering - skip non existing resourceDirectory D:\JS+React\Micro Mentorship Project\mm\mm\src\test\resources
2026-02-13 12:24:19,280 [Worker-227: Building] INFO  o.a.m.s.f.DefaultMavenResourcesFiltering - Copying 1 resource from src\main\resources to target\classes
2026-02-13 12:24:19,285 [Worker-227: Building] INFO  o.a.m.s.f.DefaultMavenResourcesFiltering - Copying 0 resource from src\main\resources to target\classes
2026-02-13 12:24:19,287 [Worker-227: Building] INFO  o.a.m.s.f.DefaultMavenResourcesFiltering - skip non existing resourceDirectory D:\JS+React\Micro Mentorship Project\mm\mm\src\test\resources
2026-02-13 12:24:23,733 [Worker-216: Building] INFO  o.a.m.s.f.DefaultMavenResourcesFiltering - Copying 1 resource from src\main\resources to target\classes
2026-02-13 12:24:23,739 [Worker-216: Building] INFO  o.a.m.s.f.DefaultMavenResourcesFiltering - Copying 0 resource from src\main\resources to target\classes
2026-02-13 12:24:23,740 [Worker-216: Building] INFO  o.a.m.s.f.DefaultMavenResourcesFiltering - skip non existing resourceDirectory D:\JS+React\Micro Mentorship Project\mm\mm\src\test\resources
2026-02-13 12:27:13,818 [Worker-230: Building] INFO  o.a.m.s.f.DefaultMavenResourcesFiltering - Copying 1 resource from src\main\resources to target\classes
2026-02-13 12:27:13,821 [Worker-230: Building] INFO  o.a.m.s.f.DefaultMavenResourcesFiltering - Copying 0 resource from src\main\resources to target\classes
2026-02-13 12:27:13,823 [Worker-230: Building] INFO  o.a.m.s.f.DefaultMavenResourcesFiltering - skip non existing resourceDirectory D:\JS+React\Micro Mentorship Project\mm\mm\src\test\resources
2026-02-13 12:33:51,822 [Worker-229: Building] INFO  o.a.m.s.f.DefaultMavenResourcesFiltering - Copying 1 resource from src\main\resources to target\classes
2026-02-13 12:33:51,826 [Worker-229: Building] INFO  o.a.m.s.f.DefaultMavenResourcesFiltering - Copying 0 resource from src\main\resources to target\classes
2026-02-13 12:33:51,831 [Worker-229: Building] INFO  o.a.m.s.f.DefaultMavenResourcesFiltering - skip non existing resourceDirectory D:\JS+React\Micro Mentorship Project\mm\mm\src\test\resources
2026-02-13 12:35:30,482 [Worker-228: Building] INFO  o.a.m.s.f.DefaultMavenResourcesFiltering - Copying 1 resource from src\main\resources to target\classes
2026-02-13 12:35:30,493 [Worker-228: Building] INFO  o.a.m.s.f.DefaultMavenResourcesFiltering - Copying 0 resource from src\main\resources to target\classes
2026-02-13 12:35:30,498 [Worker-228: Building] INFO  o.a.m.s.f.DefaultMavenResourcesFiltering - skip non existing resourceDirectory D:\JS+React\Micro Mentorship Project\mm\mm\src\test\resources
2026-02-13 12:41:26,217 [Worker-230: Building] INFO  o.a.m.s.f.DefaultMavenResourcesFiltering - Copying 1 resource from src\main\resources to target\classes
2026-02-13 12:41:26,224 [Worker-230: Building] INFO  o.a.m.s.f.DefaultMavenResourcesFiltering - Copying 0 resource from src\main\resources to target\classes
2026-02-13 12:41:26,228 [Worker-230: Building] INFO  o.a.m.s.f.DefaultMavenResourcesFiltering - skip non existing resourceDirectory D:\JS+React\Micro Mentorship Project\mm\mm\src\test\resources
2026-02-13 12:44:07,608 [Worker-231: Building] INFO  o.a.m.s.f.DefaultMavenResourcesFiltering - Copying 1 resource from src\main\resources to target\classes
2026-02-13 12:44:07,613 [Worker-231: Building] INFO  o.a.m.s.f.DefaultMavenResourcesFiltering - Copying 0 resource from src\main\resources to target\classes
2026-02-13 12:44:07,615 [Worker-231: Building] INFO  o.a.m.s.f.DefaultMavenResourcesFiltering - skip non existing resourceDirectory D:\JS+React\Micro Mentorship Project\mm\mm\src\test\resources
2026-02-13 12:44:56,997 [Worker-231: Building] INFO  o.a.m.s.f.DefaultMavenResourcesFiltering - Copying 1 resource from src\main\resources to target\classes
2026-02-13 12:44:57,001 [Worker-231: Building] INFO  o.a.m.s.f.DefaultMavenResourcesFiltering - Copying 0 resource from src\main\resources to target\classes
2026-02-13 12:44:57,005 [Worker-231: Building] INFO  o.a.m.s.f.DefaultMavenResourcesFiltering - skip non existing resourceDirectory D:\JS+React\Micro Mentorship Project\mm\mm\src\test\resources
2026-02-13 12:52:26,922 [Worker-237: Building] INFO  o.a.m.s.f.DefaultMavenResourcesFiltering - Copying 1 resource from src\main\resources to target\classes
2026-02-13 12:52:26,927 [Worker-237: Building] INFO  o.a.m.s.f.DefaultMavenResourcesFiltering - Copying 0 resource from src\main\resources to target\classes
2026-02-13 12:52:26,930 [Worker-237: Building] INFO  o.a.m.s.f.DefaultMavenResourcesFiltering - skip non existing resourceDirectory D:\JS+React\Micro Mentorship Project\mm\mm\src\test\resources
2026-02-13 12:52:43,569 [Worker-236: Building] INFO  o.a.m.s.f.DefaultMavenResourcesFiltering - Copying 1 resource from src\main\resources to target\classes
2026-02-13 12:52:43,575 [Worker-236: Building] INFO  o.a.m.s.f.DefaultMavenResourcesFiltering - Copying 0 resource from src\main\resources to target\classes
2026-02-13 12:52:43,578 [Worker-236: Building] INFO  o.a.m.s.f.DefaultMavenResourcesFiltering - skip non existing resourceDirectory D:\JS+React\Micro Mentorship Project\mm\mm\src\test\resources
2026-02-13 12:52:52,758 [Worker-236: Building] INFO  o.a.m.s.f.DefaultMavenResourcesFiltering - Copying 1 resource from src\main\resources to target\classes
2026-02-13 12:52:52,765 [Worker-236: Building] INFO  o.a.m.s.f.DefaultMavenResourcesFiltering - Copying 0 resource from src\main\resources to target\classes
2026-02-13 12:52:52,767 [Worker-236: Building] INFO  o.a.m.s.f.DefaultMavenResourcesFiltering - skip non existing resourceDirectory D:\JS+React\Micro Mentorship Project\mm\mm\src\test\resources
2026-02-13 13:02:35,337 [Worker-239: Building] INFO  o.a.m.s.f.DefaultMavenResourcesFiltering - Copying 1 resource from src\main\resources to target\classes
2026-02-13 13:02:35,344 [Worker-239: Building] INFO  o.a.m.s.f.DefaultMavenResourcesFiltering - Copying 0 resource from src\main\resources to target\classes
2026-02-13 13:02:35,346 [Worker-239: Building] INFO  o.a.m.s.f.DefaultMavenResourcesFiltering - skip non existing resourceDirectory D:\JS+React\Micro Mentorship Project\mm\mm\src\test\resources
2026-02-13 13:17:18,911 [Worker-251: Building] INFO  o.a.m.s.f.DefaultMavenResourcesFiltering - Copying 1 resource from src\main\resources to target\classes
2026-02-13 13:17:18,917 [Worker-251: Building] INFO  o.a.m.s.f.DefaultMavenResourcesFiltering - Copying 0 resource from src\main\resources to target\classes
2026-02-13 13:17:18,921 [Worker-251: Building] INFO  o.a.m.s.f.DefaultMavenResourcesFiltering - skip non existing resourceDirectory D:\JS+React\Micro Mentorship Project\mm\mm\src\test\resources
2026-02-13 13:17:55,086 [Worker-250: Building] INFO  o.a.m.s.f.DefaultMavenResourcesFiltering - Copying 1 resource from src\main\resources to target\classes
2026-02-13 13:17:55,092 [Worker-250: Building] INFO  o.a.m.s.f.DefaultMavenResourcesFiltering - Copying 0 resource from src\main\resources to target\classes
2026-02-13 13:17:55,093 [Worker-250: Building] INFO  o.a.m.s.f.DefaultMavenResourcesFiltering - skip non existing resourceDirectory D:\JS+React\Micro Mentorship Project\mm\mm\src\test\resources
2026-02-13 13:18:21,359 [Worker-250: Building] INFO  o.a.m.s.f.DefaultMavenResourcesFiltering - Copying 1 resource from src\main\resources to target\classes
2026-02-13 13:18:21,365 [Worker-250: Building] INFO  o.a.m.s.f.DefaultMavenResourcesFiltering - Copying 0 resource from src\main\resources to target\classes
2026-02-13 13:18:21,368 [Worker-250: Building] INFO  o.a.m.s.f.DefaultMavenResourcesFiltering - skip non existing resourceDirectory D:\JS+React\Micro Mentorship Project\mm\mm\src\test\resources
2026-02-13 13:18:38,845 [Worker-250: Building] INFO  o.a.m.s.f.DefaultMavenResourcesFiltering - Copying 1 resource from src\main\resources to target\classes
2026-02-13 13:18:38,851 [Worker-250: Building] INFO  o.a.m.s.f.DefaultMavenResourcesFiltering - Copying 0 resource from src\main\resources to target\classes
2026-02-13 13:18:38,853 [Worker-250: Building] INFO  o.a.m.s.f.DefaultMavenResourcesFiltering - skip non existing resourceDirectory D:\JS+React\Micro Mentorship Project\mm\mm\src\test\resources
2026-02-13 13:18:59,456 [Worker-251: Building] INFO  o.a.m.s.f.DefaultMavenResourcesFiltering - Copying 1 resource from src\main\resources to target\classes
2026-02-13 13:18:59,459 [Worker-251: Building] INFO  o.a.m.s.f.DefaultMavenResourcesFiltering - Copying 0 resource from src\main\resources to target\classes
2026-02-13 13:18:59,461 [Worker-251: Building] INFO  o.a.m.s.f.DefaultMavenResourcesFiltering - skip non existing resourceDirectory D:\JS+React\Micro Mentorship Project\mm\mm\src\test\resources
2026-02-13 13:19:20,186 [Worker-251: Building] INFO  o.a.m.s.f.DefaultMavenResourcesFiltering - Copying 1 resource from src\main\resources to target\classes
2026-02-13 13:19:20,190 [Worker-251: Building] INFO  o.a.m.s.f.DefaultMavenResourcesFiltering - Copying 0 resource from src\main\resources to target\classes
2026-02-13 13:19:20,192 [Worker-251: Building] INFO  o.a.m.s.f.DefaultMavenResourcesFiltering - skip non existing resourceDirectory D:\JS+React\Micro Mentorship Project\mm\mm\src\test\resources
2026-02-13 13:19:37,031 [Worker-248: Building] INFO  o.a.m.s.f.DefaultMavenResourcesFiltering - Copying 1 resource from src\main\resources to target\classes
2026-02-13 13:19:37,037 [Worker-248: Building] INFO  o.a.m.s.f.DefaultMavenResourcesFiltering - Copying 0 resource from src\main\resources to target\classes
2026-02-13 13:19:37,039 [Worker-248: Building] INFO  o.a.m.s.f.DefaultMavenResourcesFiltering - skip non existing resourceDirectory D:\JS+React\Micro Mentorship Project\mm\mm\src\test\resources
2026-02-13 13:23:03,681 [Worker-245: Building] INFO  o.a.m.s.f.DefaultMavenResourcesFiltering - Copying 1 resource from src\main\resources to target\classes
2026-02-13 13:23:03,685 [Worker-245: Building] INFO  o.a.m.s.f.DefaultMavenResourcesFiltering - Copying 0 resource from src\main\resources to target\classes
2026-02-13 13:23:03,687 [Worker-245: Building] INFO  o.a.m.s.f.DefaultMavenResourcesFiltering - skip non existing resourceDirectory D:\JS+React\Micro Mentorship Project\mm\mm\src\test\resources
2026-02-13 13:34:59,992 [Worker-249: Building] INFO  o.a.m.s.f.DefaultMavenResourcesFiltering - Copying 1 resource from src\main\resources to target\classes
2026-02-13 13:34:59,999 [Worker-249: Building] INFO  o.a.m.s.f.DefaultMavenResourcesFiltering - Copying 0 resource from src\main\resources to target\classes
2026-02-13 13:35:00,001 [Worker-249: Building] INFO  o.a.m.s.f.DefaultMavenResourcesFiltering - skip non existing resourceDirectory D:\JS+React\Micro Mentorship Project\mm\mm\src\test\resources
2026-02-13 13:36:16,197 [Worker-256: Building] INFO  o.a.m.s.f.DefaultMavenResourcesFiltering - Copying 1 resource from src\main\resources to target\classes
2026-02-13 13:36:16,204 [Worker-256: Building] INFO  o.a.m.s.f.DefaultMavenResourcesFiltering - Copying 0 resource from src\main\resources to target\classes
2026-02-13 13:36:16,205 [Worker-256: Building] INFO  o.a.m.s.f.DefaultMavenResourcesFiltering - skip non existing resourceDirectory D:\JS+React\Micro Mentorship Project\mm\mm\src\test\resources
2026-02-13 13:38:27,761 [Worker-256: Building] INFO  o.a.m.s.f.DefaultMavenResourcesFiltering - Copying 1 resource from src\main\resources to target\classes
2026-02-13 13:38:27,763 [Worker-256: Building] INFO  o.a.m.s.f.DefaultMavenResourcesFiltering - Copying 0 resource from src\main\resources to target\classes
2026-02-13 13:38:27,765 [Worker-256: Building] INFO  o.a.m.s.f.DefaultMavenResourcesFiltering - skip non existing resourceDirectory D:\JS+React\Micro Mentorship Project\mm\mm\src\test\resources
2026-02-13 14:41:14,658 [Worker-270: Building] INFO  o.a.m.s.f.DefaultMavenResourcesFiltering - Copying 1 resource from src\main\resources to target\classes
2026-02-13 14:41:14,666 [Worker-270: Building] INFO  o.a.m.s.f.DefaultMavenResourcesFiltering - Copying 0 resource from src\main\resources to target\classes
2026-02-13 14:41:14,670 [Worker-270: Building] INFO  o.a.m.s.f.DefaultMavenResourcesFiltering - skip non existing resourceDirectory D:\JS+React\Micro Mentorship Project\mm\mm\src\test\resources
2026-02-13 14:53:14,542 [Worker-271: Building] INFO  o.a.m.s.f.DefaultMavenResourcesFiltering - Copying 1 resource from src\main\resources to target\classes
2026-02-13 14:53:14,547 [Worker-271: Building] INFO  o.a.m.s.f.DefaultMavenResourcesFiltering - Copying 0 resource from src\main\resources to target\classes
2026-02-13 14:53:14,549 [Worker-271: Building] INFO  o.a.m.s.f.DefaultMavenResourcesFiltering - skip non existing resourceDirectory D:\JS+React\Micro Mentorship Project\mm\mm\src\test\resources
2026-02-13 14:58:49,168 [Worker-264: Building] INFO  o.a.m.s.f.DefaultMavenResourcesFiltering - Copying 1 resource from src\main\resources to target\classes
2026-02-13 14:58:49,173 [Worker-264: Building] INFO  o.a.m.s.f.DefaultMavenResourcesFiltering - Copying 0 resource from src\main\resources to target\classes
2026-02-13 14:58:49,176 [Worker-264: Building] INFO  o.a.m.s.f.DefaultMavenResourcesFiltering - skip non existing resourceDirectory D:\JS+React\Micro Mentorship Project\mm\mm\src\test\resources
2026-02-13 15:04:00,199 [Worker-275: Building] INFO  o.a.m.s.f.DefaultMavenResourcesFiltering - Copying 1 resource from src\main\resources to target\classes
2026-02-13 15:04:00,204 [Worker-275: Building] INFO  o.a.m.s.f.DefaultMavenResourcesFiltering - Copying 0 resource from src\main\resources to target\classes
2026-02-13 15:04:00,206 [Worker-275: Building] INFO  o.a.m.s.f.DefaultMavenResourcesFiltering - skip non existing resourceDirectory D:\JS+React\Micro Mentorship Project\mm\mm\src\test\resources
2026-02-13 15:11:33,761 [Worker-282: Building] INFO  o.a.m.s.f.DefaultMavenResourcesFiltering - Copying 1 resource from src\main\resources to target\classes
2026-02-13 15:11:33,767 [Worker-282: Building] INFO  o.a.m.s.f.DefaultMavenResourcesFiltering - Copying 0 resource from src\main\resources to target\classes
2026-02-13 15:11:33,770 [Worker-282: Building] INFO  o.a.m.s.f.DefaultMavenResourcesFiltering - skip non existing resourceDirectory D:\JS+React\Micro Mentorship Project\mm\mm\src\test\resources
2026-02-13 15:11:57,611 [Worker-280: Building] INFO  o.a.m.s.f.DefaultMavenResourcesFiltering - Copying 1 resource from src\main\resources to target\classes
2026-02-13 15:11:57,617 [Worker-280: Building] INFO  o.a.m.s.f.DefaultMavenResourcesFiltering - Copying 0 resource from src\main\resources to target\classes
2026-02-13 15:11:57,619 [Worker-280: Building] INFO  o.a.m.s.f.DefaultMavenResourcesFiltering - skip non existing resourceDirectory D:\JS+React\Micro Mentorship Project\mm\mm\src\test\resources
2026-02-13 15:12:17,078 [Worker-280: Building] INFO  o.a.m.s.f.DefaultMavenResourcesFiltering - Copying 1 resource from src\main\resources to target\classes
2026-02-13 15:12:17,084 [Worker-280: Building] INFO  o.a.m.s.f.DefaultMavenResourcesFiltering - Copying 0 resource from src\main\resources to target\classes
2026-02-13 15:12:17,086 [Worker-280: Building] INFO  o.a.m.s.f.DefaultMavenResourcesFiltering - skip non existing resourceDirectory D:\JS+React\Micro Mentorship Project\mm\mm\src\test\resources
2026-02-13 15:12:41,645 [Worker-282: Building] INFO  o.a.m.s.f.DefaultMavenResourcesFiltering - Copying 1 resource from src\main\resources to target\classes
2026-02-13 15:12:41,648 [Worker-282: Building] INFO  o.a.m.s.f.DefaultMavenResourcesFiltering - Copying 0 resource from src\main\resources to target\classes
2026-02-13 15:12:41,649 [Worker-282: Building] INFO  o.a.m.s.f.DefaultMavenResourcesFiltering - skip non existing resourceDirectory D:\JS+React\Micro Mentorship Project\mm\mm\src\test\resources
2026-02-13 15:13:04,146 [Worker-280: Building] INFO  o.a.m.s.f.DefaultMavenResourcesFiltering - Copying 1 resource from src\main\resources to target\classes
2026-02-13 15:13:04,149 [Worker-280: Building] INFO  o.a.m.s.f.DefaultMavenResourcesFiltering - Copying 0 resource from src\main\resources to target\classes
2026-02-13 15:13:04,150 [Worker-280: Building] INFO  o.a.m.s.f.DefaultMavenResourcesFiltering - skip non existing resourceDirectory D:\JS+React\Micro Mentorship Project\mm\mm\src\test\resources
2026-02-13 15:17:45,573 [Worker-283: Building] INFO  o.a.m.s.f.DefaultMavenResourcesFiltering - Copying 1 resource from src\main\resources to target\classes
2026-02-13 15:17:45,578 [Worker-283: Building] INFO  o.a.m.s.f.DefaultMavenResourcesFiltering - Copying 0 resource from src\main\resources to target\classes
2026-02-13 15:17:45,581 [Worker-283: Building] INFO  o.a.m.s.f.DefaultMavenResourcesFiltering - skip non existing resourceDirectory D:\JS+React\Micro Mentorship Project\mm\mm\src\test\resources
2026-02-13 15:18:05,482 [Worker-264: Building] INFO  o.a.m.s.f.DefaultMavenResourcesFiltering - Copying 1 resource from src\main\resources to target\classes
2026-02-13 15:18:05,486 [Worker-264: Building] INFO  o.a.m.s.f.DefaultMavenResourcesFiltering - Copying 0 resource from src\main\resources to target\classes
2026-02-13 15:18:05,488 [Worker-264: Building] INFO  o.a.m.s.f.DefaultMavenResourcesFiltering - skip non existing resourceDirectory D:\JS+React\Micro Mentorship Project\mm\mm\src\test\resources
2026-02-13 15:21:44,109 [Worker-283: Building] INFO  o.a.m.s.f.DefaultMavenResourcesFiltering - Copying 1 resource from src\main\resources to target\classes
2026-02-13 15:21:44,114 [Worker-283: Building] INFO  o.a.m.s.f.DefaultMavenResourcesFiltering - Copying 0 resource from src\main\resources to target\classes
2026-02-13 15:21:44,116 [Worker-283: Building] INFO  o.a.m.s.f.DefaultMavenResourcesFiltering - skip non existing resourceDirectory D:\JS+React\Micro Mentorship Project\mm\mm\src\test\resources
2026-02-13 15:24:31,644 [Worker-286: Building] INFO  o.a.m.s.f.DefaultMavenResourcesFiltering - Copying 1 resource from src\main\resources to target\classes
2026-02-13 15:24:31,648 [Worker-286: Building] INFO  o.a.m.s.f.DefaultMavenResourcesFiltering - Copying 0 resource from src\main\resources to target\classes
2026-02-13 15:24:31,649 [Worker-286: Building] INFO  o.a.m.s.f.DefaultMavenResourcesFiltering - skip non existing resourceDirectory D:\JS+React\Micro Mentorship Project\mm\mm\src\test\resources
2026-02-13 15:36:27,081 [Worker-288: Building] INFO  o.a.m.s.f.DefaultMavenResourcesFiltering - Copying 1 resource from src\main\resources to target\classes
2026-02-13 15:36:27,087 [Worker-288: Building] INFO  o.a.m.s.f.DefaultMavenResourcesFiltering - Copying 0 resource from src\main\resources to target\classes
2026-02-13 15:36:27,089 [Worker-288: Building] INFO  o.a.m.s.f.DefaultMavenResourcesFiltering - skip non existing resourceDirectory D:\JS+React\Micro Mentorship Project\mm\mm\src\test\resources
2026-02-13 15:39:39,472 [Worker-283: Building] INFO  o.a.m.s.f.DefaultMavenResourcesFiltering - Copying 1 resource from src\main\resources to target\classes
2026-02-13 15:39:39,475 [Worker-283: Building] INFO  o.a.m.s.f.DefaultMavenResourcesFiltering - Copying 0 resource from src\main\resources to target\classes
2026-02-13 15:39:39,477 [Worker-283: Building] INFO  o.a.m.s.f.DefaultMavenResourcesFiltering - skip non existing resourceDirectory D:\JS+React\Micro Mentorship Project\mm\mm\src\test\resources
2026-02-13 15:45:30,709 [Worker-283: Building] INFO  o.a.m.s.f.DefaultMavenResourcesFiltering - Copying 1 resource from src\main\resources to target\classes
2026-02-13 15:45:30,714 [Worker-283: Building] INFO  o.a.m.s.f.DefaultMavenResourcesFiltering - Copying 0 resource from src\main\resources to target\classes
2026-02-13 15:45:30,719 [Worker-283: Building] INFO  o.a.m.s.f.DefaultMavenResourcesFiltering - skip non existing resourceDirectory D:\JS+React\Micro Mentorship Project\mm\mm\src\test\resources
2026-02-13 15:49:47,399 [Worker-284: Building] INFO  o.a.m.s.f.DefaultMavenResourcesFiltering - Copying 1 resource from src\main\resources to target\classes
2026-02-13 15:49:47,406 [Worker-284: Building] INFO  o.a.m.s.f.DefaultMavenResourcesFiltering - Copying 0 resource from src\main\resources to target\classes
2026-02-13 15:49:47,408 [Worker-284: Building] INFO  o.a.m.s.f.DefaultMavenResourcesFiltering - skip non existing resourceDirectory D:\JS+React\Micro Mentorship Project\mm\mm\src\test\resources
2026-02-13 15:49:58,938 [Worker-291: Building] INFO  o.a.m.s.f.DefaultMavenResourcesFiltering - Copying 1 resource from src\main\resources to target\classes
2026-02-13 15:49:58,945 [Worker-291: Building] INFO  o.a.m.s.f.DefaultMavenResourcesFiltering - Copying 0 resource from src\main\resources to target\classes
2026-02-13 15:49:58,947 [Worker-291: Building] INFO  o.a.m.s.f.DefaultMavenResourcesFiltering - skip non existing resourceDirectory D:\JS+React\Micro Mentorship Project\mm\mm\src\test\resources
2026-02-13 15:50:25,730 [Worker-283: Building] INFO  o.a.m.s.f.DefaultMavenResourcesFiltering - Copying 1 resource from src\main\resources to target\classes
2026-02-13 15:50:25,733 [Worker-283: Building] INFO  o.a.m.s.f.DefaultMavenResourcesFiltering - Copying 0 resource from src\main\resources to target\classes
2026-02-13 15:50:25,736 [Worker-283: Building] INFO  o.a.m.s.f.DefaultMavenResourcesFiltering - skip non existing resourceDirectory D:\JS+React\Micro Mentorship Project\mm\mm\src\test\resources
2026-02-13 15:50:59,765 [Worker-284: Building] INFO  o.a.m.s.f.DefaultMavenResourcesFiltering - Copying 1 resource from src\main\resources to target\classes
2026-02-13 15:50:59,768 [Worker-284: Building] INFO  o.a.m.s.f.DefaultMavenResourcesFiltering - Copying 0 resource from src\main\resources to target\classes
2026-02-13 15:50:59,770 [Worker-284: Building] INFO  o.a.m.s.f.DefaultMavenResourcesFiltering - skip non existing resourceDirectory D:\JS+React\Micro Mentorship Project\mm\mm\src\test\resources
2026-02-13 15:54:44,050 [Worker-293: Building] INFO  o.a.m.s.f.DefaultMavenResourcesFiltering - Copying 1 resource from src\main\resources to target\classes
2026-02-13 15:54:44,055 [Worker-293: Building] INFO  o.a.m.s.f.DefaultMavenResourcesFiltering - Copying 0 resource from src\main\resources to target\classes
2026-02-13 15:54:44,057 [Worker-293: Building] INFO  o.a.m.s.f.DefaultMavenResourcesFiltering - skip non existing resourceDirectory D:\JS+React\Micro Mentorship Project\mm\mm\src\test\resources
2026-02-13 15:55:06,313 [Worker-292: Building] INFO  o.a.m.s.f.DefaultMavenResourcesFiltering - Copying 1 resource from src\main\resources to target\classes
2026-02-13 15:55:06,319 [Worker-292: Building] INFO  o.a.m.s.f.DefaultMavenResourcesFiltering - Copying 0 resource from src\main\resources to target\classes
2026-02-13 15:55:06,322 [Worker-292: Building] INFO  o.a.m.s.f.DefaultMavenResourcesFiltering - skip non existing resourceDirectory D:\JS+React\Micro Mentorship Project\mm\mm\src\test\resources
2026-02-13 15:56:05,632 [Worker-294: Building] INFO  o.a.m.s.f.DefaultMavenResourcesFiltering - Copying 1 resource from src\main\resources to target\classes
2026-02-13 15:56:05,639 [Worker-294: Building] INFO  o.a.m.s.f.DefaultMavenResourcesFiltering - Copying 0 resource from src\main\resources to target\classes
2026-02-13 15:56:05,641 [Worker-294: Building] INFO  o.a.m.s.f.DefaultMavenResourcesFiltering - skip non existing resourceDirectory D:\JS+React\Micro Mentorship Project\mm\mm\src\test\resources
2026-02-13 15:56:29,796 [Worker-292: Building] INFO  o.a.m.s.f.DefaultMavenResourcesFiltering - Copying 1 resource from src\main\resources to target\classes
2026-02-13 15:56:29,801 [Worker-292: Building] INFO  o.a.m.s.f.DefaultMavenResourcesFiltering - Copying 0 resource from src\main\resources to target\classes
2026-02-13 15:56:29,804 [Worker-292: Building] INFO  o.a.m.s.f.DefaultMavenResourcesFiltering - skip non existing resourceDirectory D:\JS+React\Micro Mentorship Project\mm\mm\src\test\resources
2026-02-13 15:56:54,230 [Worker-293: Building] INFO  o.a.m.s.f.DefaultMavenResourcesFiltering - Copying 1 resource from src\main\resources to target\classes
2026-02-13 15:56:54,236 [Worker-293: Building] INFO  o.a.m.s.f.DefaultMavenResourcesFiltering - Copying 0 resource from src\main\resources to target\classes
2026-02-13 15:56:54,237 [Worker-293: Building] INFO  o.a.m.s.f.DefaultMavenResourcesFiltering - skip non existing resourceDirectory D:\JS+React\Micro Mentorship Project\mm\mm\src\test\resources
2026-02-14 14:36:23,618 [Worker-401: Building] INFO  o.a.m.s.f.DefaultMavenResourcesFiltering - Copying 1 resource from src\main\resources to target\classes
2026-02-14 14:36:23,634 [Worker-401: Building] INFO  o.a.m.s.f.DefaultMavenResourcesFiltering - Copying 0 resource from src\main\resources to target\classes
2026-02-14 14:36:23,636 [Worker-401: Building] INFO  o.a.m.s.f.DefaultMavenResourcesFiltering - skip non existing resourceDirectory D:\JS+React\Micro Mentorship Project\mm\mm\src\test\resources
2026-02-14 14:36:27,474 [Worker-395: Building] INFO  o.a.m.s.f.DefaultMavenResourcesFiltering - Copying 1 resource from src\main\resources to target\classes
2026-02-14 14:36:27,487 [Worker-395: Building] INFO  o.a.m.s.f.DefaultMavenResourcesFiltering - Copying 0 resource from src\main\resources to target\classes
2026-02-14 14:36:27,488 [Worker-395: Building] INFO  o.a.m.s.f.DefaultMavenResourcesFiltering - skip non existing resourceDirectory D:\JS+React\Micro Mentorship Project\mm\mm\src\test\resources
2026-02-14 14:38:46,909 [Worker-403: Building] INFO  o.a.m.s.f.DefaultMavenResourcesFiltering - Copying 1 resource from src\main\resources to target\classes
2026-02-14 14:38:46,915 [Worker-403: Building] INFO  o.a.m.s.f.DefaultMavenResourcesFiltering - Copying 0 resource from src\main\resources to target\classes
2026-02-14 14:38:46,916 [Worker-403: Building] INFO  o.a.m.s.f.DefaultMavenResourcesFiltering - skip non existing resourceDirectory D:\JS+React\Micro Mentorship Project\mm\mm\src\test\resources
2026-02-14 14:40:51,614 [Worker-395: Building] INFO  o.a.m.s.f.DefaultMavenResourcesFiltering - Copying 1 resource from src\main\resources to target\classes
2026-02-14 14:40:51,621 [Worker-395: Building] INFO  o.a.m.s.f.DefaultMavenResourcesFiltering - Copying 0 resource from src\main\resources to target\classes
2026-02-14 14:40:51,623 [Worker-395: Building] INFO  o.a.m.s.f.DefaultMavenResourcesFiltering - skip non existing resourceDirectory D:\JS+React\Micro Mentorship Project\mm\mm\src\test\resources
2026-02-14 14:53:05,889 [Worker-405: Building] INFO  o.a.m.s.f.DefaultMavenResourcesFiltering - Copying 1 resource from src\main\resources to target\classes
2026-02-14 14:53:05,897 [Worker-405: Building] INFO  o.a.m.s.f.DefaultMavenResourcesFiltering - Copying 0 resource from src\main\resources to target\classes
2026-02-14 14:53:05,900 [Worker-405: Building] INFO  o.a.m.s.f.DefaultMavenResourcesFiltering - skip non existing resourceDirectory D:\JS+React\Micro Mentorship Project\mm\mm\src\test\resources
2026-02-14 14:59:31,287 [Worker-401: Building] INFO  o.a.m.s.f.DefaultMavenResourcesFiltering - Copying 1 resource from src\main\resources to target\classes
2026-02-14 14:59:31,293 [Worker-401: Building] INFO  o.a.m.s.f.DefaultMavenResourcesFiltering - Copying 0 resource from src\main\resources to target\classes
2026-02-14 14:59:31,297 [Worker-401: Building] INFO  o.a.m.s.f.DefaultMavenResourcesFiltering - skip non existing resourceDirectory D:\JS+React\Micro Mentorship Project\mm\mm\src\test\resources
2026-02-14 15:17:55,478 [Worker-410: Building] INFO  o.a.m.s.f.DefaultMavenResourcesFiltering - Copying 1 resource from src\main\resources to target\classes
2026-02-14 15:17:55,484 [Worker-410: Building] INFO  o.a.m.s.f.DefaultMavenResourcesFiltering - Copying 0 resource from src\main\resources to target\classes
2026-02-14 15:17:55,488 [Worker-410: Building] INFO  o.a.m.s.f.DefaultMavenResourcesFiltering - skip non existing resourceDirectory D:\JS+React\Micro Mentorship Project\mm\mm\src\test\resources
2026-02-14 15:18:09,782 [Worker-410: Building] INFO  o.a.m.s.f.DefaultMavenResourcesFiltering - Copying 1 resource from src\main\resources to target\classes
2026-02-14 15:18:09,789 [Worker-410: Building] INFO  o.a.m.s.f.DefaultMavenResourcesFiltering - Copying 0 resource from src\main\resources to target\classes
2026-02-14 15:18:09,791 [Worker-410: Building] INFO  o.a.m.s.f.DefaultMavenResourcesFiltering - skip non existing resourceDirectory D:\JS+React\Micro Mentorship Project\mm\mm\src\test\resources
2026-02-14 15:18:22,417 [Worker-416: Building] INFO  o.a.m.s.f.DefaultMavenResourcesFiltering - Copying 1 resource from src\main\resources to target\classes
2026-02-14 15:18:22,424 [Worker-416: Building] INFO  o.a.m.s.f.DefaultMavenResourcesFiltering - Copying 0 resource from src\main\resources to target\classes
2026-02-14 15:18:22,428 [Worker-416: Building] INFO  o.a.m.s.f.DefaultMavenResourcesFiltering - skip non existing resourceDirectory D:\JS+React\Micro Mentorship Project\mm\mm\src\test\resources
2026-02-14 15:18:36,127 [Worker-413: Building] INFO  o.a.m.s.f.DefaultMavenResourcesFiltering - Copying 1 resource from src\main\resources to target\classes
2026-02-14 15:18:36,134 [Worker-413: Building] INFO  o.a.m.s.f.DefaultMavenResourcesFiltering - Copying 0 resource from src\main\resources to target\classes
2026-02-14 15:18:36,137 [Worker-413: Building] INFO  o.a.m.s.f.DefaultMavenResourcesFiltering - skip non existing resourceDirectory D:\JS+React\Micro Mentorship Project\mm\mm\src\test\resources
2026-02-14 15:18:48,252 [Worker-410: Building] INFO  o.a.m.s.f.DefaultMavenResourcesFiltering - Copying 1 resource from src\main\resources to target\classes
2026-02-14 15:18:48,256 [Worker-410: Building] INFO  o.a.m.s.f.DefaultMavenResourcesFiltering - Copying 0 resource from src\main\resources to target\classes
2026-02-14 15:18:48,258 [Worker-410: Building] INFO  o.a.m.s.f.DefaultMavenResourcesFiltering - skip non existing resourceDirectory D:\JS+React\Micro Mentorship Project\mm\mm\src\test\resources
2026-02-14 15:21:53,102 [Worker-410: Building] INFO  o.a.m.s.f.DefaultMavenResourcesFiltering - Copying 1 resource from src\main\resources to target\classes
2026-02-14 15:21:53,108 [Worker-410: Building] INFO  o.a.m.s.f.DefaultMavenResourcesFiltering - Copying 0 resource from src\main\resources to target\classes
2026-02-14 15:21:53,111 [Worker-410: Building] INFO  o.a.m.s.f.DefaultMavenResourcesFiltering - skip non existing resourceDirectory D:\JS+React\Micro Mentorship Project\mm\mm\src\test\resources
2026-02-14 15:22:56,478 [Worker-413: Building] INFO  o.a.m.s.f.DefaultMavenResourcesFiltering - Copying 1 resource from src\main\resources to target\classes
2026-02-14 15:22:56,482 [Worker-413: Building] INFO  o.a.m.s.f.DefaultMavenResourcesFiltering - Copying 0 resource from src\main\resources to target\classes
2026-02-14 15:22:56,484 [Worker-413: Building] INFO  o.a.m.s.f.DefaultMavenResourcesFiltering - skip non existing resourceDirectory D:\JS+React\Micro Mentorship Project\mm\mm\src\test\resources
2026-02-14 15:22:59,914 [Worker-411: Building] INFO  o.a.m.s.f.DefaultMavenResourcesFiltering - Copying 1 resource from src\main\resources to target\classes
2026-02-14 15:22:59,921 [Worker-411: Building] INFO  o.a.m.s.f.DefaultMavenResourcesFiltering - Copying 0 resource from src\main\resources to target\classes
2026-02-14 15:22:59,924 [Worker-411: Building] INFO  o.a.m.s.f.DefaultMavenResourcesFiltering - skip non existing resourceDirectory D:\JS+React\Micro Mentorship Project\mm\mm\src\test\resources
2026-02-14 15:24:51,311 [Worker-410: Building] INFO  o.a.m.s.f.DefaultMavenResourcesFiltering - Copying 1 resource from src\main\resources to target\classes
2026-02-14 15:24:51,315 [Worker-410: Building] INFO  o.a.m.s.f.DefaultMavenResourcesFiltering - Copying 0 resource from src\main\resources to target\classes
2026-02-14 15:24:51,317 [Worker-410: Building] INFO  o.a.m.s.f.DefaultMavenResourcesFiltering - skip non existing resourceDirectory D:\JS+React\Micro Mentorship Project\mm\mm\src\test\resources
2026-02-14 15:36:11,373 [Worker-413: Building] INFO  o.a.m.s.f.DefaultMavenResourcesFiltering - Copying 1 resource from src\main\resources to target\classes
2026-02-14 15:36:11,380 [Worker-413: Building] INFO  o.a.m.s.f.DefaultMavenResourcesFiltering - Copying 0 resource from src\main\resources to target\classes
2026-02-14 15:36:11,384 [Worker-413: Building] INFO  o.a.m.s.f.DefaultMavenResourcesFiltering - skip non existing resourceDirectory D:\JS+React\Micro Mentorship Project\mm\mm\src\test\resources
2026-02-14 15:39:42,245 [Worker-418: Building] INFO  o.a.m.s.f.DefaultMavenResourcesFiltering - Copying 1 resource from src\main\resources to target\classes
2026-02-14 15:39:42,251 [Worker-418: Building] INFO  o.a.m.s.f.DefaultMavenResourcesFiltering - Copying 0 resource from src\main\resources to target\classes
2026-02-14 15:39:42,254 [Worker-418: Building] INFO  o.a.m.s.f.DefaultMavenResourcesFiltering - skip non existing resourceDirectory D:\JS+React\Micro Mentorship Project\mm\mm\src\test\resources
2026-02-14 15:52:33,743 [Worker-419: Building] INFO  o.a.m.s.f.DefaultMavenResourcesFiltering - Copying 1 resource from src\main\resources to target\classes
2026-02-14 15:52:33,751 [Worker-419: Building] INFO  o.a.m.s.f.DefaultMavenResourcesFiltering - Copying 0 resource from src\main\resources to target\classes
2026-02-14 15:52:33,755 [Worker-419: Building] INFO  o.a.m.s.f.DefaultMavenResourcesFiltering - skip non existing resourceDirectory D:\JS+React\Micro Mentorship Project\mm\mm\src\test\resources
2026-02-14 15:52:47,855 [Worker-421: Building] INFO  o.a.m.s.f.DefaultMavenResourcesFiltering - Copying 1 resource from src\main\resources to target\classes
2026-02-14 15:52:47,862 [Worker-421: Building] INFO  o.a.m.s.f.DefaultMavenResourcesFiltering - Copying 0 resource from src\main\resources to target\classes
2026-02-14 15:52:47,864 [Worker-421: Building] INFO  o.a.m.s.f.DefaultMavenResourcesFiltering - skip non existing resourceDirectory D:\JS+React\Micro Mentorship Project\mm\mm\src\test\resources
2026-02-14 15:53:05,029 [Worker-423: Building] INFO  o.a.m.s.f.DefaultMavenResourcesFiltering - Copying 1 resource from src\main\resources to target\classes
2026-02-14 15:53:05,034 [Worker-423: Building] INFO  o.a.m.s.f.DefaultMavenResourcesFiltering - Copying 0 resource from src\main\resources to target\classes
2026-02-14 15:53:05,037 [Worker-423: Building] INFO  o.a.m.s.f.DefaultMavenResourcesFiltering - skip non existing resourceDirectory D:\JS+React\Micro Mentorship Project\mm\mm\src\test\resources
2026-02-14 15:56:07,988 [Worker-419: Building] INFO  o.a.m.s.f.DefaultMavenResourcesFiltering - Copying 1 resource from src\main\resources to target\classes
2026-02-14 15:56:07,994 [Worker-419: Building] INFO  o.a.m.s.f.DefaultMavenResourcesFiltering - Copying 0 resource from src\main\resources to target\classes
2026-02-14 15:56:07,997 [Worker-419: Building] INFO  o.a.m.s.f.DefaultMavenResourcesFiltering - skip non existing resourceDirectory D:\JS+React\Micro Mentorship Project\mm\mm\src\test\resources
2026-02-14 15:57:20,227 [Worker-421: Building] INFO  o.a.m.s.f.DefaultMavenResourcesFiltering - Copying 1 resource from src\main\resources to target\classes
2026-02-14 15:57:20,233 [Worker-421: Building] INFO  o.a.m.s.f.DefaultMavenResourcesFiltering - Copying 0 resource from src\main\resources to target\classes
2026-02-14 15:57:20,236 [Worker-421: Building] INFO  o.a.m.s.f.DefaultMavenResourcesFiltering - skip non existing resourceDirectory D:\JS+React\Micro Mentorship Project\mm\mm\src\test\resources
2026-02-14 15:58:13,136 [Worker-420: Building] INFO  o.a.m.s.f.DefaultMavenResourcesFiltering - Copying 1 resource from src\main\resources to target\classes
2026-02-14 15:58:13,140 [Worker-420: Building] INFO  o.a.m.s.f.DefaultMavenResourcesFiltering - Copying 0 resource from src\main\resources to target\classes
2026-02-14 15:58:13,143 [Worker-420: Building] INFO  o.a.m.s.f.DefaultMavenResourcesFiltering - skip non existing resourceDirectory D:\JS+React\Micro Mentorship Project\mm\mm\src\test\resources
2026-02-14 16:10:04,486 [Worker-423: Building] INFO  o.a.m.s.f.DefaultMavenResourcesFiltering - Copying 1 resource from src\main\resources to target\classes
2026-02-14 16:10:04,491 [Worker-423: Building] INFO  o.a.m.s.f.DefaultMavenResourcesFiltering - Copying 0 resource from src\main\resources to target\classes
2026-02-14 16:10:04,494 [Worker-423: Building] INFO  o.a.m.s.f.DefaultMavenResourcesFiltering - skip non existing resourceDirectory D:\JS+React\Micro Mentorship Project\mm\mm\src\test\resources
2026-02-14 16:14:15,070 [Worker-423: Building] INFO  o.a.m.s.f.DefaultMavenResourcesFiltering - Copying 1 resource from src\main\resources to target\classes
2026-02-14 16:14:15,076 [Worker-423: Building] INFO  o.a.m.s.f.DefaultMavenResourcesFiltering - Copying 0 resource from src\main\resources to target\classes
2026-02-14 16:14:15,080 [Worker-423: Building] INFO  o.a.m.s.f.DefaultMavenResourcesFiltering - skip non existing resourceDirectory D:\JS+React\Micro Mentorship Project\mm\mm\src\test\resources
2026-02-14 16:21:29,903 [Worker-424: Building] INFO  o.a.m.s.f.DefaultMavenResourcesFiltering - Copying 1 resource from src\main\resources to target\classes
2026-02-14 16:21:29,910 [Worker-424: Building] INFO  o.a.m.s.f.DefaultMavenResourcesFiltering - Copying 0 resource from src\main\resources to target\classes
2026-02-14 16:21:29,913 [Worker-424: Building] INFO  o.a.m.s.f.DefaultMavenResourcesFiltering - skip non existing resourceDirectory D:\JS+React\Micro Mentorship Project\mm\mm\src\test\resources
2026-02-14 16:21:49,326 [Worker-426: Building] INFO  o.a.m.s.f.DefaultMavenResourcesFiltering - Copying 1 resource from src\main\resources to target\classes
2026-02-14 16:21:49,332 [Worker-426: Building] INFO  o.a.m.s.f.DefaultMavenResourcesFiltering - Copying 0 resource from src\main\resources to target\classes
2026-02-14 16:21:49,335 [Worker-426: Building] INFO  o.a.m.s.f.DefaultMavenResourcesFiltering - skip non existing resourceDirectory D:\JS+React\Micro Mentorship Project\mm\mm\src\test\resources
2026-02-14 16:22:10,740 [Worker-425: Building] INFO  o.a.m.s.f.DefaultMavenResourcesFiltering - Copying 1 resource from src\main\resources to target\classes
2026-02-14 16:22:10,745 [Worker-425: Building] INFO  o.a.m.s.f.DefaultMavenResourcesFiltering - Copying 0 resource from src\main\resources to target\classes
2026-02-14 16:22:10,749 [Worker-425: Building] INFO  o.a.m.s.f.DefaultMavenResourcesFiltering - skip non existing resourceDirectory D:\JS+React\Micro Mentorship Project\mm\mm\src\test\resources
2026-02-14 16:22:25,257 [Worker-426: Building] INFO  o.a.m.s.f.DefaultMavenResourcesFiltering - Copying 1 resource from src\main\resources to target\classes
2026-02-14 16:22:25,259 [Worker-426: Building] INFO  o.a.m.s.f.DefaultMavenResourcesFiltering - Copying 0 resource from src\main\resources to target\classes
2026-02-14 16:22:25,261 [Worker-426: Building] INFO  o.a.m.s.f.DefaultMavenResourcesFiltering - skip non existing resourceDirectory D:\JS+React\Micro Mentorship Project\mm\mm\src\test\resources
2026-02-14 16:22:35,323 [Worker-420: Building] INFO  o.a.m.s.f.DefaultMavenResourcesFiltering - Copying 1 resource from src\main\resources to target\classes
2026-02-14 16:22:35,326 [Worker-420: Building] INFO  o.a.m.s.f.DefaultMavenResourcesFiltering - Copying 0 resource from src\main\resources to target\classes
2026-02-14 16:22:35,328 [Worker-420: Building] INFO  o.a.m.s.f.DefaultMavenResourcesFiltering - skip non existing resourceDirectory D:\JS+React\Micro Mentorship Project\mm\mm\src\test\resources
2026-02-14 16:24:13,421 [Worker-426: Building] INFO  o.e.m.c.i.l.LifecycleMappingFactory - Using org.eclipse.m2e.jdt.JarLifecycleMapping lifecycle mapping for MavenProject: com.micromentorship:mm:0.0.1-SNAPSHOT @ D:\JS+React\Micro Mentorship Project\mm\mm\pom.xml.
2026-02-14 16:24:13,835 [Worker-426: Building] INFO  o.e.m.c.i.e.AbstractTransferListenerAdapter - Downloading https://repo.maven.apache.org/maven2/com/razorpay/razorpay-java/1.4.3/razorpay-java-1.4.3.pom
2026-02-14 16:24:13,840 [Worker-426: Building] INFO  o.e.m.c.i.e.AbstractTransferListenerAdapter - Downloaded https://repo.maven.apache.org/maven2/com/razorpay/razorpay-java/1.4.3/razorpay-java-1.4.3.pom
2026-02-14 16:24:13,878 [Worker-426: Building] INFO  o.e.m.c.i.e.AbstractTransferListenerAdapter - Downloading https://repo.maven.apache.org/maven2/org/json/json/20180130/json-20180130.pom
2026-02-14 16:24:13,881 [Worker-426: Building] INFO  o.e.m.c.i.e.AbstractTransferListenerAdapter - Downloaded https://repo.maven.apache.org/maven2/org/json/json/20180130/json-20180130.pom
2026-02-14 16:24:13,907 [Worker-426: Building] INFO  o.e.m.c.i.e.AbstractTransferListenerAdapter - Downloading https://repo.maven.apache.org/maven2/com/squareup/okhttp3/okhttp/3.10.0/okhttp-3.10.0.pom
2026-02-14 16:24:13,911 [Worker-426: Building] INFO  o.e.m.c.i.e.AbstractTransferListenerAdapter - Downloaded https://repo.maven.apache.org/maven2/com/squareup/okhttp3/okhttp/3.10.0/okhttp-3.10.0.pom
2026-02-14 16:24:13,934 [Worker-426: Building] INFO  o.e.m.c.i.e.AbstractTransferListenerAdapter - Downloading https://repo.maven.apache.org/maven2/com/squareup/okhttp3/parent/3.10.0/parent-3.10.0.pom
2026-02-14 16:24:13,937 [Worker-426: Building] INFO  o.e.m.c.i.e.AbstractTransferListenerAdapter - Downloaded https://repo.maven.apache.org/maven2/com/squareup/okhttp3/parent/3.10.0/parent-3.10.0.pom
2026-02-14 16:24:13,966 [Worker-426: Building] INFO  o.e.m.c.i.e.AbstractTransferListenerAdapter - Downloading https://repo.maven.apache.org/maven2/com/squareup/okio/okio/1.14.0/okio-1.14.0.pom
2026-02-14 16:24:13,969 [Worker-426: Building] INFO  o.e.m.c.i.e.AbstractTransferListenerAdapter - Downloaded https://repo.maven.apache.org/maven2/com/squareup/okio/okio/1.14.0/okio-1.14.0.pom
2026-02-14 16:24:13,996 [Worker-426: Building] INFO  o.e.m.c.i.e.AbstractTransferListenerAdapter - Downloading https://repo.maven.apache.org/maven2/com/squareup/okio/okio-parent/1.14.0/okio-parent-1.14.0.pom
2026-02-14 16:24:14,000 [Worker-426: Building] INFO  o.e.m.c.i.e.AbstractTransferListenerAdapter - Downloaded https://repo.maven.apache.org/maven2/com/squareup/okio/okio-parent/1.14.0/okio-parent-1.14.0.pom
2026-02-14 16:24:14,028 [Worker-426: Building] INFO  o.e.m.c.i.e.AbstractTransferListenerAdapter - Downloading https://repo.maven.apache.org/maven2/com/squareup/okhttp3/logging-interceptor/3.10.0/logging-interceptor-3.10.0.pom
2026-02-14 16:24:14,031 [Worker-426: Building] INFO  o.e.m.c.i.e.AbstractTransferListenerAdapter - Downloaded https://repo.maven.apache.org/maven2/com/squareup/okhttp3/logging-interceptor/3.10.0/logging-interceptor-3.10.0.pom
2026-02-14 16:24:14,058 [Worker-426: Building] INFO  o.e.m.c.i.e.AbstractTransferListenerAdapter - Downloading https://repo.maven.apache.org/maven2/commons-codec/commons-codec/1.19.0/commons-codec-1.19.0.pom
2026-02-14 16:24:14,063 [Worker-426: Building] INFO  o.e.m.c.i.e.AbstractTransferListenerAdapter - Downloaded https://repo.maven.apache.org/maven2/commons-codec/commons-codec/1.19.0/commons-codec-1.19.0.pom
2026-02-14 16:24:14,097 [Worker-426: Building] INFO  o.e.m.c.i.e.AbstractTransferListenerAdapter - Downloading https://repo.maven.apache.org/maven2/org/apache/commons/commons-parent/85/commons-parent-85.pom
2026-02-14 16:24:14,103 [Worker-426: Building] INFO  o.e.m.c.i.e.AbstractTransferListenerAdapter - Downloaded https://repo.maven.apache.org/maven2/org/apache/commons/commons-parent/85/commons-parent-85.pom
2026-02-14 16:24:14,160 [Worker-426: Building] INFO  o.e.m.c.i.e.AbstractTransferListenerAdapter - Downloading https://repo.maven.apache.org/maven2/org/apache/commons/commons-lang3/3.19.0/commons-lang3-3.19.0.pom
2026-02-14 16:24:14,164 [Worker-426: Building] INFO  o.e.m.c.i.e.AbstractTransferListenerAdapter - Downloaded https://repo.maven.apache.org/maven2/org/apache/commons/commons-lang3/3.19.0/commons-lang3-3.19.0.pom
2026-02-14 16:24:14,192 [Worker-426: Building] INFO  o.e.m.c.i.e.AbstractTransferListenerAdapter - Downloading https://repo.maven.apache.org/maven2/org/apache/commons/commons-parent/88/commons-parent-88.pom
2026-02-14 16:24:14,199 [Worker-426: Building] INFO  o.e.m.c.i.e.AbstractTransferListenerAdapter - Downloaded https://repo.maven.apache.org/maven2/org/apache/commons/commons-parent/88/commons-parent-88.pom
2026-02-14 16:24:14,375 [Worker-426: Building] INFO  o.e.m.c.i.e.AbstractTransferListenerAdapter - Downloading https://repo.maven.apache.org/maven2/com/razorpay/razorpay-java/1.4.3/razorpay-java-1.4.3.jar
2026-02-14 16:24:14,383 [Worker-426: Building] INFO  o.e.m.c.i.e.AbstractTransferListenerAdapter - Downloaded https://repo.maven.apache.org/maven2/com/razorpay/razorpay-java/1.4.3/razorpay-java-1.4.3.jar
2026-02-14 16:24:14,430 [BasicRepositoryConnector-repo.maven.apache.org-1-0] INFO  o.e.m.c.i.e.AbstractTransferListenerAdapter - Downloading https://repo.maven.apache.org/maven2/org/json/json/20180130/json-20180130.jar
2026-02-14 16:24:14,438 [BasicRepositoryConnector-repo.maven.apache.org-1-0] INFO  o.e.m.c.i.e.AbstractTransferListenerAdapter - Downloaded https://repo.maven.apache.org/maven2/org/json/json/20180130/json-20180130.jar
2026-02-14 16:24:14,459 [BasicRepositoryConnector-repo.maven.apache.org-1-0] INFO  o.e.m.c.i.e.AbstractTransferListenerAdapter - Downloading https://repo.maven.apache.org/maven2/org/apache/commons/commons-text/1.3/commons-text-1.3.jar
2026-02-14 16:24:14,465 [BasicRepositoryConnector-repo.maven.apache.org-1-1] INFO  o.e.m.c.i.e.AbstractTransferListenerAdapter - Downloading https://repo.maven.apache.org/maven2/com/squareup/okhttp3/okhttp/3.10.0/okhttp-3.10.0.jar
2026-02-14 16:24:14,470 [BasicRepositoryConnector-repo.maven.apache.org-1-3] INFO  o.e.m.c.i.e.AbstractTransferListenerAdapter - Downloading https://repo.maven.apache.org/maven2/com/squareup/okhttp3/logging-interceptor/3.10.0/logging-interceptor-3.10.0.jar
2026-02-14 16:24:14,471 [BasicRepositoryConnector-repo.maven.apache.org-1-2] INFO  o.e.m.c.i.e.AbstractTransferListenerAdapter - Downloading https://repo.maven.apache.org/maven2/com/squareup/okio/okio/1.14.0/okio-1.14.0.jar
2026-02-14 16:24:14,475 [BasicRepositoryConnector-repo.maven.apache.org-1-3] INFO  o.e.m.c.i.e.AbstractTransferListenerAdapter - Downloaded https://repo.maven.apache.org/maven2/com/squareup/okhttp3/logging-interceptor/3.10.0/logging-interceptor-3.10.0.jar
2026-02-14 16:24:14,478 [BasicRepositoryConnector-repo.maven.apache.org-1-4] INFO  o.e.m.c.i.e.AbstractTransferListenerAdapter - Downloading https://repo.maven.apache.org/maven2/commons-codec/commons-codec/1.19.0/commons-codec-1.19.0.jar
2026-02-14 16:24:14,487 [BasicRepositoryConnector-repo.maven.apache.org-1-0] INFO  o.e.m.c.i.e.AbstractTransferListenerAdapter - Downloaded https://repo.maven.apache.org/maven2/org/apache/commons/commons-text/1.3/commons-text-1.3.jar
2026-02-14 16:24:14,491 [BasicRepositoryConnector-repo.maven.apache.org-1-2] INFO  o.e.m.c.i.e.AbstractTransferListenerAdapter - Downloaded https://repo.maven.apache.org/maven2/com/squareup/okio/okio/1.14.0/okio-1.14.0.jar
2026-02-14 16:24:14,501 [BasicRepositoryConnector-repo.maven.apache.org-1-3] INFO  o.e.m.c.i.e.AbstractTransferListenerAdapter - Downloading https://repo.maven.apache.org/maven2/org/apache/commons/commons-lang3/3.19.0/commons-lang3-3.19.0.jar
2026-02-14 16:24:14,537 [BasicRepositoryConnector-repo.maven.apache.org-1-1] INFO  o.e.m.c.i.e.AbstractTransferListenerAdapter - Downloaded https://repo.maven.apache.org/maven2/com/squareup/okhttp3/okhttp/3.10.0/okhttp-3.10.0.jar
2026-02-14 16:24:14,569 [BasicRepositoryConnector-repo.maven.apache.org-1-4] INFO  o.e.m.c.i.e.AbstractTransferListenerAdapter - Downloaded https://repo.maven.apache.org/maven2/commons-codec/commons-codec/1.19.0/commons-codec-1.19.0.jar
2026-02-14 16:24:14,760 [BasicRepositoryConnector-repo.maven.apache.org-1-3] INFO  o.e.m.c.i.e.AbstractTransferListenerAdapter - Downloaded https://repo.maven.apache.org/maven2/org/apache/commons/commons-lang3/3.19.0/commons-lang3-3.19.0.jar
2026-02-14 16:24:15,063 [Worker-426: Building] INFO  o.a.m.s.f.DefaultMavenResourcesFiltering - Copying 0 resource from src\main\resources to target\classes
2026-02-14 16:24:15,064 [Worker-426: Building] INFO  o.a.m.s.f.DefaultMavenResourcesFiltering - Copying 0 resource from src\main\resources to target\classes
2026-02-14 16:24:15,067 [Worker-426: Building] INFO  o.a.m.s.f.DefaultMavenResourcesFiltering - skip non existing resourceDirectory D:\JS+React\Micro Mentorship Project\mm\mm\src\test\resources
2026-02-14 16:24:15,944 [Worker-428: Download sources and javadoc] INFO  o.e.m.c.i.e.AbstractTransferListenerAdapter - Downloading https://repo.maven.apache.org/maven2/com/razorpay/razorpay-java/1.4.3/razorpay-java-1.4.3-sources.jar
2026-02-14 16:24:15,960 [Worker-428: Download sources and javadoc] INFO  o.e.m.c.i.e.AbstractTransferListenerAdapter - Downloaded https://repo.maven.apache.org/maven2/com/razorpay/razorpay-java/1.4.3/razorpay-java-1.4.3-sources.jar
2026-02-14 16:24:15,963 [Worker-428: Download sources and javadoc] INFO  o.e.m.j.internal.DownloadSourcesJob - Downloaded sources for com.razorpay:razorpay-java:1.4.3
2026-02-14 16:24:16,050 [Worker-428: Download sources and javadoc] INFO  o.e.m.c.i.e.AbstractTransferListenerAdapter - Downloading https://repo.maven.apache.org/maven2/org/json/json/20180130/json-20180130-sources.jar
2026-02-14 16:24:16,054 [Worker-428: Download sources and javadoc] INFO  o.e.m.c.i.e.AbstractTransferListenerAdapter - Downloaded https://repo.maven.apache.org/maven2/org/json/json/20180130/json-20180130-sources.jar
2026-02-14 16:24:16,057 [Worker-428: Download sources and javadoc] INFO  o.e.m.j.internal.DownloadSourcesJob - Downloaded sources for org.json:json:20180130
2026-02-14 16:24:16,124 [Worker-428: Download sources and javadoc] INFO  o.e.m.c.i.e.AbstractTransferListenerAdapter - Downloading https://repo.maven.apache.org/maven2/com/squareup/okhttp3/okhttp/3.10.0/okhttp-3.10.0-sources.jar
2026-02-14 16:24:16,170 [Worker-428: Download sources and javadoc] INFO  o.e.m.c.i.e.AbstractTransferListenerAdapter - Downloaded https://repo.maven.apache.org/maven2/com/squareup/okhttp3/okhttp/3.10.0/okhttp-3.10.0-sources.jar
2026-02-14 16:24:16,172 [Worker-428: Download sources and javadoc] INFO  o.e.m.j.internal.DownloadSourcesJob - Downloaded sources for com.squareup.okhttp3:okhttp:3.10.0
2026-02-14 16:24:16,230 [Worker-426: Building] INFO  o.a.m.s.f.DefaultMavenResourcesFiltering - Copying 1 resource from src\main\resources to target\classes
2026-02-14 16:24:16,239 [Worker-428: Download sources and javadoc] INFO  o.e.m.c.i.e.AbstractTransferListenerAdapter - Downloading https://repo.maven.apache.org/maven2/com/squareup/okio/okio/1.14.0/okio-1.14.0-sources.jar
2026-02-14 16:24:16,243 [Worker-426: Building] INFO  o.a.m.s.f.DefaultMavenResourcesFiltering - Copying 0 resource from src\main\resources to target\classes
2026-02-14 16:24:16,246 [Worker-426: Building] INFO  o.a.m.s.f.DefaultMavenResourcesFiltering - skip non existing resourceDirectory D:\JS+React\Micro Mentorship Project\mm\mm\src\test\resources
2026-02-14 16:24:16,253 [Worker-428: Download sources and javadoc] INFO  o.e.m.c.i.e.AbstractTransferListenerAdapter - Downloaded https://repo.maven.apache.org/maven2/com/squareup/okio/okio/1.14.0/okio-1.14.0-sources.jar
2026-02-14 16:24:16,255 [Worker-428: Download sources and javadoc] INFO  o.e.m.j.internal.DownloadSourcesJob - Downloaded sources for com.squareup.okio:okio:1.14.0
2026-02-14 16:24:16,312 [Worker-428: Download sources and javadoc] INFO  o.e.m.c.i.e.AbstractTransferListenerAdapter - Downloading https://repo.maven.apache.org/maven2/com/squareup/okhttp3/logging-interceptor/3.10.0/logging-interceptor-3.10.0-sources.jar
2026-02-14 16:24:16,315 [Worker-428: Download sources and javadoc] INFO  o.e.m.c.i.e.AbstractTransferListenerAdapter - Downloaded https://repo.maven.apache.org/maven2/com/squareup/okhttp3/logging-interceptor/3.10.0/logging-interceptor-3.10.0-sources.jar
2026-02-14 16:24:16,318 [Worker-428: Download sources and javadoc] INFO  o.e.m.j.internal.DownloadSourcesJob - Downloaded sources for com.squareup.okhttp3:logging-interceptor:3.10.0
2026-02-14 16:24:16,381 [Worker-428: Download sources and javadoc] INFO  o.e.m.c.i.e.AbstractTransferListenerAdapter - Downloading https://repo.maven.apache.org/maven2/commons-codec/commons-codec/1.19.0/commons-codec-1.19.0-sources.jar
2026-02-14 16:24:16,431 [Worker-428: Download sources and javadoc] INFO  o.e.m.c.i.e.AbstractTransferListenerAdapter - Downloaded https://repo.maven.apache.org/maven2/commons-codec/commons-codec/1.19.0/commons-codec-1.19.0-sources.jar
2026-02-14 16:24:16,433 [Worker-428: Download sources and javadoc] INFO  o.e.m.j.internal.DownloadSourcesJob - Downloaded sources for commons-codec:commons-codec:1.19.0
2026-02-14 16:24:16,500 [Worker-428: Download sources and javadoc] INFO  o.e.m.c.i.e.AbstractTransferListenerAdapter - Downloading https://repo.maven.apache.org/maven2/org/apache/commons/commons-text/1.3/commons-text-1.3-sources.jar
2026-02-14 16:24:16,531 [Worker-428: Download sources and javadoc] INFO  o.e.m.c.i.e.AbstractTransferListenerAdapter - Downloaded https://repo.maven.apache.org/maven2/org/apache/commons/commons-text/1.3/commons-text-1.3-sources.jar
2026-02-14 16:24:16,533 [Worker-428: Download sources and javadoc] INFO  o.e.m.j.internal.DownloadSourcesJob - Downloaded sources for org.apache.commons:commons-text:1.3
2026-02-14 16:24:16,589 [Worker-428: Download sources and javadoc] INFO  o.e.m.c.i.e.AbstractTransferListenerAdapter - Downloading https://repo.maven.apache.org/maven2/org/apache/commons/commons-lang3/3.19.0/commons-lang3-3.19.0-sources.jar
2026-02-14 16:24:16,669 [Worker-428: Download sources and javadoc] INFO  o.e.m.c.i.e.AbstractTransferListenerAdapter - Downloaded https://repo.maven.apache.org/maven2/org/apache/commons/commons-lang3/3.19.0/commons-lang3-3.19.0-sources.jar
2026-02-14 16:24:16,671 [Worker-428: Download sources and javadoc] INFO  o.e.m.j.internal.DownloadSourcesJob - Downloaded sources for org.apache.commons:commons-lang3:3.19.0
2026-02-14 16:24:43,185 [Worker-429: Updating Maven Project] INFO  o.e.m.c.i.p.ProjectConfigurationManager - Update started
2026-02-14 16:24:43,392 [Worker-429: Updating Maven Project] INFO  o.e.m.c.i.l.LifecycleMappingFactory - Using org.eclipse.m2e.jdt.JarLifecycleMapping lifecycle mapping for MavenProject: com.micromentorship:mm:0.0.1-SNAPSHOT @ D:\JS+React\Micro Mentorship Project\mm\mm\pom.xml.
2026-02-14 16:24:43,856 [Worker-429: Updating Maven Project] INFO  o.e.m.j.i.AbstractJavaProjectConfigurator - Adding source folder /mm/src/main/java
2026-02-14 16:24:43,856 [Worker-429: Updating Maven Project] INFO  o.e.m.j.i.AbstractJavaProjectConfigurator - Adding resource folder /mm/src/main/resources
2026-02-14 16:24:43,856 [Worker-429: Updating Maven Project] INFO  o.e.m.j.i.AbstractJavaProjectConfigurator - Adding resource folder /mm/src/main/resources
2026-02-14 16:24:43,857 [Worker-429: Updating Maven Project] INFO  o.e.m.j.i.AbstractJavaProjectConfigurator - Adding source folder /mm/src/test/java
2026-02-14 16:24:43,857 [Worker-429: Updating Maven Project] INFO  o.e.m.j.i.AbstractJavaProjectConfigurator - Adding resource folder /mm/src/test/resources
2026-02-14 16:24:44,016 [Worker-429: Updating Maven Project] INFO  o.e.m.c.i.p.ProjectConfigurationManager - Update completed for 1 poms: local refresh takes 0.00 sec, refresh facades takes 0.00 sec, update config takes 0.00 sec 
2026-02-14 16:24:44,369 [Worker-429: Building] INFO  o.a.m.s.f.DefaultMavenResourcesFiltering - Copying 1 resource from src\main\resources to target\classes
2026-02-14 16:24:44,384 [Worker-429: Building] INFO  o.a.m.s.f.DefaultMavenResourcesFiltering - Copying 0 resource from src\main\resources to target\classes
2026-02-14 16:24:44,388 [Worker-429: Building] INFO  o.a.m.s.f.DefaultMavenResourcesFiltering - skip non existing resourceDirectory D:\JS+React\Micro Mentorship Project\mm\mm\src\test\resources
2026-02-16 16:45:39,992 [Worker-621: Building] INFO  o.a.m.s.f.DefaultMavenResourcesFiltering - Copying 1 resource from src\main\resources to target\classes
2026-02-16 16:45:39,997 [Worker-621: Building] INFO  o.a.m.s.f.DefaultMavenResourcesFiltering - Copying 0 resource from src\main\resources to target\classes
2026-02-16 16:45:39,999 [Worker-621: Building] INFO  o.a.m.s.f.DefaultMavenResourcesFiltering - skip non existing resourceDirectory D:\JS+React\Micro Mentorship Project\mm\mm\src\test\resources
2026-02-18 14:41:55,857 [Worker-723: Building] INFO  o.a.m.s.f.DefaultMavenResourcesFiltering - Copying 1 resource from src\main\resources to target\classes
2026-02-18 14:41:55,910 [Worker-723: Building] INFO  o.a.m.s.f.DefaultMavenResourcesFiltering - Copying 0 resource from src\main\resources to target\classes
2026-02-18 14:41:55,913 [Worker-723: Building] INFO  o.a.m.s.f.DefaultMavenResourcesFiltering - skip non existing resourceDirectory D:\JS+React\Micro Mentorship Project\mm\mm\src\test\resources
2026-02-18 14:41:57,220 [Worker-726: Building] INFO  o.a.m.s.f.DefaultMavenResourcesFiltering - Copying 1 resource from src\main\resources to target\classes
2026-02-18 14:41:57,278 [Worker-726: Building] INFO  o.a.m.s.f.DefaultMavenResourcesFiltering - Copying 0 resource from src\main\resources to target\classes
2026-02-18 14:41:57,282 [Worker-726: Building] INFO  o.a.m.s.f.DefaultMavenResourcesFiltering - skip non existing resourceDirectory D:\JS+React\Micro Mentorship Project\mm\mm\src\test\resources
2026-02-18 14:41:58,349 [Worker-733: Building] INFO  o.a.m.s.f.DefaultMavenResourcesFiltering - Copying 1 resource from src\main\resources to target\classes
2026-02-18 14:41:58,353 [Worker-733: Building] INFO  o.a.m.s.f.DefaultMavenResourcesFiltering - Copying 0 resource from src\main\resources to target\classes
2026-02-18 14:41:58,355 [Worker-733: Building] INFO  o.a.m.s.f.DefaultMavenResourcesFiltering - skip non existing resourceDirectory D:\JS+React\Micro Mentorship Project\mm\mm\src\test\resources
2026-02-19 10:22:09,031 [Worker-793: Building] INFO  o.a.m.s.f.DefaultMavenResourcesFiltering - Copying 1 resource from src\main\resources to target\classes
2026-02-19 10:22:09,088 [Worker-793: Building] INFO  o.a.m.s.f.DefaultMavenResourcesFiltering - Copying 0 resource from src\main\resources to target\classes
2026-02-19 10:22:09,093 [Worker-793: Building] INFO  o.a.m.s.f.DefaultMavenResourcesFiltering - skip non existing resourceDirectory D:\JS+React\Micro Mentorship Project\mm\mm\src\test\resources
2026-02-19 10:22:44,270 [Worker-794: Building] INFO  o.a.m.s.f.DefaultMavenResourcesFiltering - Copying 1 resource from src\main\resources to target\classes
2026-02-19 10:22:44,275 [Worker-794: Building] INFO  o.a.m.s.f.DefaultMavenResourcesFiltering - Copying 0 resource from src\main\resources to target\classes
2026-02-19 10:22:44,277 [Worker-794: Building] INFO  o.a.m.s.f.DefaultMavenResourcesFiltering - skip non existing resourceDirectory D:\JS+React\Micro Mentorship Project\mm\mm\src\test\resources
2026-02-19 10:34:41,651 [Worker-793: Building] INFO  o.a.m.s.f.DefaultMavenResourcesFiltering - Copying 1 resource from src\main\resources to target\classes
2026-02-19 10:34:41,657 [Worker-793: Building] INFO  o.a.m.s.f.DefaultMavenResourcesFiltering - Copying 0 resource from src\main\resources to target\classes
2026-02-19 10:34:41,661 [Worker-793: Building] INFO  o.a.m.s.f.DefaultMavenResourcesFiltering - skip non existing resourceDirectory D:\JS+React\Micro Mentorship Project\mm\mm\src\test\resources
2026-02-19 10:40:06,493 [Worker-798: Building] INFO  o.a.m.s.f.DefaultMavenResourcesFiltering - Copying 1 resource from src\main\resources to target\classes
2026-02-19 10:40:06,500 [Worker-798: Building] INFO  o.a.m.s.f.DefaultMavenResourcesFiltering - Copying 0 resource from src\main\resources to target\classes
2026-02-19 10:40:06,504 [Worker-798: Building] INFO  o.a.m.s.f.DefaultMavenResourcesFiltering - skip non existing resourceDirectory D:\JS+React\Micro Mentorship Project\mm\mm\src\test\resources
2026-02-19 10:40:52,171 [Worker-793: Building] INFO  o.a.m.s.f.DefaultMavenResourcesFiltering - Copying 1 resource from src\main\resources to target\classes
2026-02-19 10:40:52,175 [Worker-793: Building] INFO  o.a.m.s.f.DefaultMavenResourcesFiltering - Copying 0 resource from src\main\resources to target\classes
2026-02-19 10:40:52,178 [Worker-793: Building] INFO  o.a.m.s.f.DefaultMavenResourcesFiltering - skip non existing resourceDirectory D:\JS+React\Micro Mentorship Project\mm\mm\src\test\resources
2026-02-19 10:41:09,512 [Worker-798: Building] INFO  o.a.m.s.f.DefaultMavenResourcesFiltering - Copying 1 resource from src\main\resources to target\classes
2026-02-19 10:41:09,515 [Worker-798: Building] INFO  o.a.m.s.f.DefaultMavenResourcesFiltering - Copying 0 resource from src\main\resources to target\classes
2026-02-19 10:41:09,519 [Worker-798: Building] INFO  o.a.m.s.f.DefaultMavenResourcesFiltering - skip non existing resourceDirectory D:\JS+React\Micro Mentorship Project\mm\mm\src\test\resources
2026-02-19 10:45:43,374 [Worker-800: Building] INFO  o.a.m.s.f.DefaultMavenResourcesFiltering - Copying 1 resource from src\main\resources to target\classes
2026-02-19 10:45:43,380 [Worker-800: Building] INFO  o.a.m.s.f.DefaultMavenResourcesFiltering - Copying 0 resource from src\main\resources to target\classes
2026-02-19 10:45:43,384 [Worker-800: Building] INFO  o.a.m.s.f.DefaultMavenResourcesFiltering - skip non existing resourceDirectory D:\JS+React\Micro Mentorship Project\mm\mm\src\test\resources
2026-02-19 10:51:55,685 [Worker-799: Building] INFO  o.a.m.s.f.DefaultMavenResourcesFiltering - Copying 1 resource from src\main\resources to target\classes
2026-02-19 10:51:55,688 [Worker-799: Building] INFO  o.a.m.s.f.DefaultMavenResourcesFiltering - Copying 0 resource from src\main\resources to target\classes
2026-02-19 10:51:55,690 [Worker-799: Building] INFO  o.a.m.s.f.DefaultMavenResourcesFiltering - skip non existing resourceDirectory D:\JS+React\Micro Mentorship Project\mm\mm\src\test\resources
2026-02-19 11:09:08,673 [Worker-807: Building] INFO  o.a.m.s.f.DefaultMavenResourcesFiltering - Copying 1 resource from src\main\resources to target\classes
2026-02-19 11:09:08,681 [Worker-807: Building] INFO  o.a.m.s.f.DefaultMavenResourcesFiltering - Copying 0 resource from src\main\resources to target\classes
2026-02-19 11:09:08,685 [Worker-807: Building] INFO  o.a.m.s.f.DefaultMavenResourcesFiltering - skip non existing resourceDirectory D:\JS+React\Micro Mentorship Project\mm\mm\src\test\resources
2026-02-19 11:11:23,970 [Worker-811: Building] INFO  o.a.m.s.f.DefaultMavenResourcesFiltering - Copying 1 resource from src\main\resources to target\classes
2026-02-19 11:11:23,977 [Worker-811: Building] INFO  o.a.m.s.f.DefaultMavenResourcesFiltering - Copying 0 resource from src\main\resources to target\classes
2026-02-19 11:11:23,982 [Worker-811: Building] INFO  o.a.m.s.f.DefaultMavenResourcesFiltering - skip non existing resourceDirectory D:\JS+React\Micro Mentorship Project\mm\mm\src\test\resources
2026-02-19 11:13:30,538 [Worker-808: Building] INFO  o.a.m.s.f.DefaultMavenResourcesFiltering - Copying 1 resource from src\main\resources to target\classes
2026-02-19 11:13:30,546 [Worker-808: Building] INFO  o.a.m.s.f.DefaultMavenResourcesFiltering - Copying 0 resource from src\main\resources to target\classes
2026-02-19 11:13:30,550 [Worker-808: Building] INFO  o.a.m.s.f.DefaultMavenResourcesFiltering - skip non existing resourceDirectory D:\JS+React\Micro Mentorship Project\mm\mm\src\test\resources
2026-02-19 11:14:47,705 [Worker-810: Building] INFO  o.a.m.s.f.DefaultMavenResourcesFiltering - Copying 1 resource from src\main\resources to target\classes
2026-02-19 11:14:47,709 [Worker-810: Building] INFO  o.a.m.s.f.DefaultMavenResourcesFiltering - Copying 0 resource from src\main\resources to target\classes
2026-02-19 11:14:47,712 [Worker-810: Building] INFO  o.a.m.s.f.DefaultMavenResourcesFiltering - skip non existing resourceDirectory D:\JS+React\Micro Mentorship Project\mm\mm\src\test\resources
2026-02-19 11:38:46,444 [Worker-816: Building] INFO  o.a.m.s.f.DefaultMavenResourcesFiltering - Copying 1 resource from src\main\resources to target\classes
2026-02-19 11:38:46,451 [Worker-816: Building] INFO  o.a.m.s.f.DefaultMavenResourcesFiltering - Copying 0 resource from src\main\resources to target\classes
2026-02-19 11:38:46,454 [Worker-816: Building] INFO  o.a.m.s.f.DefaultMavenResourcesFiltering - skip non existing resourceDirectory D:\JS+React\Micro Mentorship Project\mm\mm\src\test\resources
2026-02-19 16:43:18,226 [Worker-871: Building] INFO  o.a.m.s.f.DefaultMavenResourcesFiltering - Copying 1 resource from src\main\resources to target\classes
2026-02-19 16:43:18,240 [Worker-871: Building] INFO  o.a.m.s.f.DefaultMavenResourcesFiltering - Copying 0 resource from src\main\resources to target\classes
2026-02-19 16:43:18,244 [Worker-871: Building] INFO  o.a.m.s.f.DefaultMavenResourcesFiltering - skip non existing resourceDirectory D:\JS+React\Micro Mentorship Project\mm\mm\src\test\resources
2026-02-19 16:47:43,389 [Worker-865: Building] INFO  o.a.m.s.f.DefaultMavenResourcesFiltering - Copying 1 resource from src\main\resources to target\classes
2026-02-19 16:47:43,405 [Worker-865: Building] INFO  o.a.m.s.f.DefaultMavenResourcesFiltering - Copying 0 resource from src\main\resources to target\classes
2026-02-19 16:47:43,411 [Worker-865: Building] INFO  o.a.m.s.f.DefaultMavenResourcesFiltering - skip non existing resourceDirectory D:\JS+React\Micro Mentorship Project\mm\mm\src\test\resources
2026-02-19 16:52:37,571 [Worker-874: Building] INFO  o.a.m.s.f.DefaultMavenResourcesFiltering - Copying 1 resource from src\main\resources to target\classes
2026-02-19 16:52:37,577 [Worker-874: Building] INFO  o.a.m.s.f.DefaultMavenResourcesFiltering - Copying 0 resource from src\main\resources to target\classes
2026-02-19 16:52:37,580 [Worker-874: Building] INFO  o.a.m.s.f.DefaultMavenResourcesFiltering - skip non existing resourceDirectory D:\JS+React\Micro Mentorship Project\mm\mm\src\test\resources
2026-02-19 16:57:42,300 [Worker-874: Building] INFO  o.a.m.s.f.DefaultMavenResourcesFiltering - Copying 1 resource from src\main\resources to target\classes
2026-02-19 16:57:42,306 [Worker-874: Building] INFO  o.a.m.s.f.DefaultMavenResourcesFiltering - Copying 0 resource from src\main\resources to target\classes
2026-02-19 16:57:42,309 [Worker-874: Building] INFO  o.a.m.s.f.DefaultMavenResourcesFiltering - skip non existing resourceDirectory D:\JS+React\Micro Mentorship Project\mm\mm\src\test\resources
2026-02-19 17:10:00,229 [Worker-880: Building] INFO  o.a.m.s.f.DefaultMavenResourcesFiltering - Copying 1 resource from src\main\resources to target\classes
2026-02-19 17:10:00,236 [Worker-880: Building] INFO  o.a.m.s.f.DefaultMavenResourcesFiltering - Copying 0 resource from src\main\resources to target\classes
2026-02-19 17:10:00,239 [Worker-880: Building] INFO  o.a.m.s.f.DefaultMavenResourcesFiltering - skip non existing resourceDirectory D:\JS+React\Micro Mentorship Project\mm\mm\src\test\resources
2026-02-19 17:10:04,195 [Worker-874: Building] INFO  o.a.m.s.f.DefaultMavenResourcesFiltering - Copying 1 resource from src\main\resources to target\classes
2026-02-19 17:10:04,203 [Worker-874: Building] INFO  o.a.m.s.f.DefaultMavenResourcesFiltering - Copying 0 resource from src\main\resources to target\classes
2026-02-19 17:10:04,206 [Worker-874: Building] INFO  o.a.m.s.f.DefaultMavenResourcesFiltering - skip non existing resourceDirectory D:\JS+React\Micro Mentorship Project\mm\mm\src\test\resources
2026-02-20 09:01:32,943 [Worker-1: Loading available Gradle versions] INFO  o.e.b.c.i.u.g.PublishedGradleVersions - Gradle version information cache is out-of-date. Trying to update.
2026-02-20 10:35:59,201 [Worker-52: Launching MicroMentorshipBackendApplication] INFO  o.a.m.s.f.DefaultMavenResourcesFiltering - Copying 1 resource from src\main\resources to target\classes
2026-02-20 10:35:59,223 [Worker-52: Launching MicroMentorshipBackendApplication] INFO  o.a.m.s.f.DefaultMavenResourcesFiltering - Copying 0 resource from src\main\resources to target\classes
2026-02-20 10:35:59,226 [Worker-52: Launching MicroMentorshipBackendApplication] INFO  o.a.m.s.f.DefaultMavenResourcesFiltering - skip non existing resourceDirectory D:\JS+React\Micro Mentorship Project\mm\mm\src\test\resources
2026-02-21 13:31:18,334 [Worker-211: Building] INFO  o.a.m.s.f.DefaultMavenResourcesFiltering - Copying 1 resource from src\main\resources to target\classes
2026-02-21 13:31:18,364 [Worker-211: Building] INFO  o.a.m.s.f.DefaultMavenResourcesFiltering - Copying 0 resource from src\main\resources to target\classes
2026-02-21 13:31:18,368 [Worker-211: Building] INFO  o.a.m.s.f.DefaultMavenResourcesFiltering - skip non existing resourceDirectory D:\JS+React\Micro Mentorship Project\mm\mm\src\test\resources
2026-02-21 13:34:29,117 [Worker-201: Building] INFO  o.a.m.s.f.DefaultMavenResourcesFiltering - Copying 1 resource from src\main\resources to target\classes
2026-02-21 13:34:29,124 [Worker-201: Building] INFO  o.a.m.s.f.DefaultMavenResourcesFiltering - Copying 0 resource from src\main\resources to target\classes
2026-02-21 13:34:29,126 [Worker-201: Building] INFO  o.a.m.s.f.DefaultMavenResourcesFiltering - skip non existing resourceDirectory D:\JS+React\Micro Mentorship Project\mm\mm\src\test\resources
2026-02-21 13:34:41,409 [Worker-214: Building] INFO  o.a.m.s.f.DefaultMavenResourcesFiltering - Copying 1 resource from src\main\resources to target\classes
2026-02-21 13:34:41,412 [Worker-214: Building] INFO  o.a.m.s.f.DefaultMavenResourcesFiltering - Copying 0 resource from src\main\resources to target\classes
2026-02-21 13:34:41,415 [Worker-214: Building] INFO  o.a.m.s.f.DefaultMavenResourcesFiltering - skip non existing resourceDirectory D:\JS+React\Micro Mentorship Project\mm\mm\src\test\resources
2026-02-21 13:35:58,831 [Worker-210: Building] INFO  o.a.m.s.f.DefaultMavenResourcesFiltering - Copying 1 resource from src\main\resources to target\classes
2026-02-21 13:35:58,835 [Worker-210: Building] INFO  o.a.m.s.f.DefaultMavenResourcesFiltering - Copying 0 resource from src\main\resources to target\classes
2026-02-21 13:35:58,837 [Worker-210: Building] INFO  o.a.m.s.f.DefaultMavenResourcesFiltering - skip non existing resourceDirectory D:\JS+React\Micro Mentorship Project\mm\mm\src\test\resources
2026-02-21 14:22:08,357 [Worker-229: Building] INFO  o.a.m.s.f.DefaultMavenResourcesFiltering - Copying 1 resource from src\main\resources to target\classes
2026-02-21 14:22:08,363 [Worker-229: Building] INFO  o.a.m.s.f.DefaultMavenResourcesFiltering - Copying 0 resource from src\main\resources to target\classes
2026-02-21 14:22:08,365 [Worker-229: Building] INFO  o.a.m.s.f.DefaultMavenResourcesFiltering - skip non existing resourceDirectory D:\JS+React\Micro Mentorship Project\mm\mm\src\test\resources
2026-02-21 14:22:16,207 [Worker-230: Building] INFO  o.a.m.s.f.DefaultMavenResourcesFiltering - Copying 1 resource from src\main\resources to target\classes
2026-02-21 14:22:16,212 [Worker-230: Building] INFO  o.a.m.s.f.DefaultMavenResourcesFiltering - Copying 0 resource from src\main\resources to target\classes
2026-02-21 14:22:16,214 [Worker-230: Building] INFO  o.a.m.s.f.DefaultMavenResourcesFiltering - skip non existing resourceDirectory D:\JS+React\Micro Mentorship Project\mm\mm\src\test\resources
2026-02-21 14:24:04,620 [Worker-230: Building] INFO  o.a.m.s.f.DefaultMavenResourcesFiltering - Copying 1 resource from src\main\resources to target\classes
2026-02-21 14:24:04,626 [Worker-230: Building] INFO  o.a.m.s.f.DefaultMavenResourcesFiltering - Copying 0 resource from src\main\resources to target\classes
2026-02-21 14:24:04,627 [Worker-230: Building] INFO  o.a.m.s.f.DefaultMavenResourcesFiltering - skip non existing resourceDirectory D:\JS+React\Micro Mentorship Project\mm\mm\src\test\resources
2026-02-21 14:24:53,637 [Worker-229: Building] INFO  o.e.m.c.i.l.LifecycleMappingFactory - Using org.eclipse.m2e.jdt.JarLifecycleMapping lifecycle mapping for MavenProject: com.micromentorship:mm:0.0.1-SNAPSHOT @ D:\JS+React\Micro Mentorship Project\mm\mm\pom.xml.
2026-02-21 14:24:54,264 [Worker-229: Building] INFO  o.e.m.c.i.e.AbstractTransferListenerAdapter - Downloading https://repo.maven.apache.org/maven2/org/springframework/boot/spring-boot-starter-mail/4.0.2/spring-boot-starter-mail-4.0.2.pom
2026-02-21 14:24:54,276 [Worker-229: Building] INFO  o.e.m.c.i.e.AbstractTransferListenerAdapter - Downloaded https://repo.maven.apache.org/maven2/org/springframework/boot/spring-boot-starter-mail/4.0.2/spring-boot-starter-mail-4.0.2.pom
2026-02-21 14:24:54,313 [Worker-229: Building] INFO  o.e.m.c.i.e.AbstractTransferListenerAdapter - Downloading https://repo.maven.apache.org/maven2/org/springframework/boot/spring-boot-mail/4.0.2/spring-boot-mail-4.0.2.pom
2026-02-21 14:24:54,318 [Worker-229: Building] INFO  o.e.m.c.i.e.AbstractTransferListenerAdapter - Downloaded https://repo.maven.apache.org/maven2/org/springframework/boot/spring-boot-mail/4.0.2/spring-boot-mail-4.0.2.pom
2026-02-21 14:24:54,372 [Worker-229: Building] INFO  o.e.m.c.i.e.AbstractTransferListenerAdapter - Downloading https://repo.maven.apache.org/maven2/org/springframework/spring-context-support/7.0.3/spring-context-support-7.0.3.pom
2026-02-21 14:24:54,376 [Worker-229: Building] INFO  o.e.m.c.i.e.AbstractTransferListenerAdapter - Downloaded https://repo.maven.apache.org/maven2/org/springframework/spring-context-support/7.0.3/spring-context-support-7.0.3.pom
2026-02-21 14:24:54,406 [Worker-229: Building] INFO  o.e.m.c.i.e.AbstractTransferListenerAdapter - Downloading https://repo.maven.apache.org/maven2/jakarta/mail/jakarta.mail-api/2.1.5/jakarta.mail-api-2.1.5.pom
2026-02-21 14:24:54,412 [Worker-229: Building] INFO  o.e.m.c.i.e.AbstractTransferListenerAdapter - Downloaded https://repo.maven.apache.org/maven2/jakarta/mail/jakarta.mail-api/2.1.5/jakarta.mail-api-2.1.5.pom
2026-02-21 14:24:54,466 [Worker-229: Building] INFO  o.e.m.c.i.e.AbstractTransferListenerAdapter - Downloading https://repo.maven.apache.org/maven2/org/eclipse/angus/angus-mail/2.0.5/angus-mail-2.0.5.pom
2026-02-21 14:24:54,472 [Worker-229: Building] INFO  o.e.m.c.i.e.AbstractTransferListenerAdapter - Downloaded https://repo.maven.apache.org/maven2/org/eclipse/angus/angus-mail/2.0.5/angus-mail-2.0.5.pom
2026-02-21 14:24:54,502 [Worker-229: Building] INFO  o.e.m.c.i.e.AbstractTransferListenerAdapter - Downloading https://repo.maven.apache.org/maven2/org/eclipse/angus/all/2.0.5/all-2.0.5.pom
2026-02-21 14:24:54,508 [Worker-229: Building] INFO  o.e.m.c.i.e.AbstractTransferListenerAdapter - Downloaded https://repo.maven.apache.org/maven2/org/eclipse/angus/all/2.0.5/all-2.0.5.pom
2026-02-21 14:24:54,792 [Worker-229: Building] INFO  o.e.m.c.i.e.AbstractTransferListenerAdapter - Downloading https://repo.maven.apache.org/maven2/org/springframework/boot/spring-boot-starter-mail/4.0.2/spring-boot-starter-mail-4.0.2.jar
2026-02-21 14:24:54,798 [Worker-229: Building] INFO  o.e.m.c.i.e.AbstractTransferListenerAdapter - Downloaded https://repo.maven.apache.org/maven2/org/springframework/boot/spring-boot-starter-mail/4.0.2/spring-boot-starter-mail-4.0.2.jar
2026-02-21 14:24:54,830 [BasicRepositoryConnector-repo.maven.apache.org-0-3] INFO  o.e.m.c.i.e.AbstractTransferListenerAdapter - Downloading https://repo.maven.apache.org/maven2/org/eclipse/angus/angus-mail/2.0.5/angus-mail-2.0.5.jar
2026-02-21 14:24:54,879 [BasicRepositoryConnector-repo.maven.apache.org-0-0] INFO  o.e.m.c.i.e.AbstractTransferListenerAdapter - Downloading https://repo.maven.apache.org/maven2/org/springframework/boot/spring-boot-mail/4.0.2/spring-boot-mail-4.0.2.jar
2026-02-21 14:24:54,882 [BasicRepositoryConnector-repo.maven.apache.org-0-1] INFO  o.e.m.c.i.e.AbstractTransferListenerAdapter - Downloading https://repo.maven.apache.org/maven2/org/springframework/spring-context-support/7.0.3/spring-context-support-7.0.3.jar
2026-02-21 14:24:54,882 [BasicRepositoryConnector-repo.maven.apache.org-0-2] INFO  o.e.m.c.i.e.AbstractTransferListenerAdapter - Downloading https://repo.maven.apache.org/maven2/jakarta/mail/jakarta.mail-api/2.1.5/jakarta.mail-api-2.1.5.jar
2026-02-21 14:24:54,884 [BasicRepositoryConnector-repo.maven.apache.org-0-0] INFO  o.e.m.c.i.e.AbstractTransferListenerAdapter - Downloaded https://repo.maven.apache.org/maven2/org/springframework/boot/spring-boot-mail/4.0.2/spring-boot-mail-4.0.2.jar
2026-02-21 14:24:54,899 [BasicRepositoryConnector-repo.maven.apache.org-0-3] INFO  o.e.m.c.i.e.AbstractTransferListenerAdapter - Downloaded https://repo.maven.apache.org/maven2/org/eclipse/angus/angus-mail/2.0.5/angus-mail-2.0.5.jar
2026-02-21 14:24:54,919 [BasicRepositoryConnector-repo.maven.apache.org-0-2] INFO  o.e.m.c.i.e.AbstractTransferListenerAdapter - Downloaded https://repo.maven.apache.org/maven2/jakarta/mail/jakarta.mail-api/2.1.5/jakarta.mail-api-2.1.5.jar
2026-02-21 14:24:54,934 [BasicRepositoryConnector-repo.maven.apache.org-0-1] INFO  o.e.m.c.i.e.AbstractTransferListenerAdapter - Downloaded https://repo.maven.apache.org/maven2/org/springframework/spring-context-support/7.0.3/spring-context-support-7.0.3.jar
2026-02-21 14:24:55,306 [Worker-229: Building] INFO  o.a.m.s.f.DefaultMavenResourcesFiltering - Copying 0 resource from src\main\resources to target\classes
2026-02-21 14:24:55,306 [Worker-229: Building] INFO  o.a.m.s.f.DefaultMavenResourcesFiltering - Copying 0 resource from src\main\resources to target\classes
2026-02-21 14:24:55,310 [Worker-229: Building] INFO  o.a.m.s.f.DefaultMavenResourcesFiltering - skip non existing resourceDirectory D:\JS+React\Micro Mentorship Project\mm\mm\src\test\resources
2026-02-21 14:24:56,225 [Worker-229: Download sources and javadoc] INFO  o.e.m.c.i.e.AbstractTransferListenerAdapter - Downloading https://repo.maven.apache.org/maven2/org/springframework/boot/spring-boot-starter-mail/4.0.2/spring-boot-starter-mail-4.0.2-sources.jar
2026-02-21 14:24:56,232 [Worker-229: Download sources and javadoc] INFO  o.e.m.c.i.e.AbstractTransferListenerAdapter - Downloaded https://repo.maven.apache.org/maven2/org/springframework/boot/spring-boot-starter-mail/4.0.2/spring-boot-starter-mail-4.0.2-sources.jar
2026-02-21 14:24:56,236 [Worker-229: Download sources and javadoc] INFO  o.e.m.j.internal.DownloadSourcesJob - Downloaded sources for org.springframework.boot:spring-boot-starter-mail:4.0.2
2026-02-21 14:24:56,303 [Worker-229: Download sources and javadoc] INFO  o.e.m.c.i.e.AbstractTransferListenerAdapter - Downloading https://repo.maven.apache.org/maven2/org/springframework/boot/spring-boot-mail/4.0.2/spring-boot-mail-4.0.2-sources.jar
2026-02-21 14:24:56,308 [Worker-229: Download sources and javadoc] INFO  o.e.m.c.i.e.AbstractTransferListenerAdapter - Downloaded https://repo.maven.apache.org/maven2/org/springframework/boot/spring-boot-mail/4.0.2/spring-boot-mail-4.0.2-sources.jar
2026-02-21 14:24:56,310 [Worker-229: Download sources and javadoc] INFO  o.e.m.j.internal.DownloadSourcesJob - Downloaded sources for org.springframework.boot:spring-boot-mail:4.0.2
2026-02-21 14:24:56,382 [Worker-229: Download sources and javadoc] INFO  o.e.m.c.i.e.AbstractTransferListenerAdapter - Downloading https://repo.maven.apache.org/maven2/org/springframework/spring-context-support/7.0.3/spring-context-support-7.0.3-sources.jar
2026-02-21 14:24:56,414 [Worker-229: Download sources and javadoc] INFO  o.e.m.c.i.e.AbstractTransferListenerAdapter - Downloaded https://repo.maven.apache.org/maven2/org/springframework/spring-context-support/7.0.3/spring-context-support-7.0.3-sources.jar
2026-02-21 14:24:56,416 [Worker-229: Download sources and javadoc] INFO  o.e.m.j.internal.DownloadSourcesJob - Downloaded sources for org.springframework:spring-context-support:7.0.3
2026-02-21 14:24:56,475 [Worker-229: Download sources and javadoc] INFO  o.e.m.c.i.e.AbstractTransferListenerAdapter - Downloading https://repo.maven.apache.org/maven2/jakarta/mail/jakarta.mail-api/2.1.5/jakarta.mail-api-2.1.5-sources.jar
2026-02-21 14:24:56,526 [Worker-229: Download sources and javadoc] INFO  o.e.m.c.i.e.AbstractTransferListenerAdapter - Downloaded https://repo.maven.apache.org/maven2/jakarta/mail/jakarta.mail-api/2.1.5/jakarta.mail-api-2.1.5-sources.jar
2026-02-21 14:24:56,529 [Worker-229: Download sources and javadoc] INFO  o.e.m.j.internal.DownloadSourcesJob - Downloaded sources for jakarta.mail:jakarta.mail-api:2.1.5
2026-02-21 14:24:56,598 [Worker-226: Building] INFO  o.a.m.s.f.DefaultMavenResourcesFiltering - Copying 1 resource from src\main\resources to target\classes
2026-02-21 14:24:56,605 [Worker-229: Download sources and javadoc] INFO  o.e.m.c.i.e.AbstractTransferListenerAdapter - Downloading https://repo.maven.apache.org/maven2/org/eclipse/angus/angus-mail/2.0.5/angus-mail-2.0.5-sources.jar
2026-02-21 14:24:56,616 [Worker-226: Building] INFO  o.a.m.s.f.DefaultMavenResourcesFiltering - Copying 0 resource from src\main\resources to target\classes
2026-02-21 14:24:56,618 [Worker-226: Building] INFO  o.a.m.s.f.DefaultMavenResourcesFiltering - skip non existing resourceDirectory D:\JS+React\Micro Mentorship Project\mm\mm\src\test\resources
2026-02-21 14:24:56,663 [Worker-229: Download sources and javadoc] INFO  o.e.m.c.i.e.AbstractTransferListenerAdapter - Downloaded https://repo.maven.apache.org/maven2/org/eclipse/angus/angus-mail/2.0.5/angus-mail-2.0.5-sources.jar
2026-02-21 14:24:56,667 [Worker-229: Download sources and javadoc] INFO  o.e.m.j.internal.DownloadSourcesJob - Downloaded sources for org.eclipse.angus:angus-mail:2.0.5
2026-02-21 14:25:07,992 [Worker-229: Updating Maven Project] INFO  o.e.m.c.i.p.ProjectConfigurationManager - Update started
2026-02-21 14:25:08,232 [Worker-229: Updating Maven Project] INFO  o.e.m.c.i.l.LifecycleMappingFactory - Using org.eclipse.m2e.jdt.JarLifecycleMapping lifecycle mapping for MavenProject: com.micromentorship:mm:0.0.1-SNAPSHOT @ D:\JS+React\Micro Mentorship Project\mm\mm\pom.xml.
2026-02-21 14:25:08,884 [Worker-229: Updating Maven Project] INFO  o.e.m.j.i.AbstractJavaProjectConfigurator - Adding source folder /mm/src/main/java
2026-02-21 14:25:08,886 [Worker-229: Updating Maven Project] INFO  o.e.m.j.i.AbstractJavaProjectConfigurator - Adding resource folder /mm/src/main/resources
2026-02-21 14:25:08,887 [Worker-229: Updating Maven Project] INFO  o.e.m.j.i.AbstractJavaProjectConfigurator - Adding resource folder /mm/src/main/resources
2026-02-21 14:25:08,887 [Worker-229: Updating Maven Project] INFO  o.e.m.j.i.AbstractJavaProjectConfigurator - Adding source folder /mm/src/test/java
2026-02-21 14:25:08,887 [Worker-229: Updating Maven Project] INFO  o.e.m.j.i.AbstractJavaProjectConfigurator - Adding resource folder /mm/src/test/resources
2026-02-21 14:25:09,091 [Worker-229: Updating Maven Project] INFO  o.e.m.c.i.p.ProjectConfigurationManager - Update completed for 1 poms: local refresh takes 0.00 sec, refresh facades takes 0.00 sec, update config takes 0.00 sec 
2026-02-21 14:25:09,422 [Worker-223: Building] INFO  o.a.m.s.f.DefaultMavenResourcesFiltering - Copying 1 resource from src\main\resources to target\classes
2026-02-21 14:25:09,435 [Worker-223: Building] INFO  o.a.m.s.f.DefaultMavenResourcesFiltering - Copying 0 resource from src\main\resources to target\classes
2026-02-21 14:25:09,441 [Worker-223: Building] INFO  o.a.m.s.f.DefaultMavenResourcesFiltering - skip non existing resourceDirectory D:\JS+React\Micro Mentorship Project\mm\mm\src\test\resources
2026-02-21 14:33:21,927 [Worker-233: Building] INFO  o.a.m.s.f.DefaultMavenResourcesFiltering - Copying 1 resource from src\main\resources to target\classes
2026-02-21 14:33:21,952 [Worker-233: Building] INFO  o.a.m.s.f.DefaultMavenResourcesFiltering - Copying 0 resource from src\main\resources to target\classes
2026-02-21 14:33:21,955 [Worker-233: Building] INFO  o.a.m.s.f.DefaultMavenResourcesFiltering - skip non existing resourceDirectory D:\JS+React\Micro Mentorship Project\mm\mm\src\test\resources
2026-02-21 14:34:12,901 [Worker-230: Building] INFO  o.a.m.s.f.DefaultMavenResourcesFiltering - Copying 1 resource from src\main\resources to target\classes
2026-02-21 14:34:12,906 [Worker-230: Building] INFO  o.a.m.s.f.DefaultMavenResourcesFiltering - Copying 0 resource from src\main\resources to target\classes
2026-02-21 14:34:12,908 [Worker-230: Building] INFO  o.a.m.s.f.DefaultMavenResourcesFiltering - skip non existing resourceDirectory D:\JS+React\Micro Mentorship Project\mm\mm\src\test\resources
2026-02-21 14:38:45,151 [Worker-234: Building] INFO  o.a.m.s.f.DefaultMavenResourcesFiltering - Copying 1 resource from src\main\resources to target\classes
2026-02-21 14:38:45,155 [Worker-234: Building] INFO  o.a.m.s.f.DefaultMavenResourcesFiltering - Copying 0 resource from src\main\resources to target\classes
2026-02-21 14:38:45,159 [Worker-234: Building] INFO  o.a.m.s.f.DefaultMavenResourcesFiltering - skip non existing resourceDirectory D:\JS+React\Micro Mentorship Project\mm\mm\src\test\resources
2026-02-21 14:39:13,681 [Worker-233: Building] INFO  o.a.m.s.f.DefaultMavenResourcesFiltering - Copying 1 resource from src\main\resources to target\classes
2026-02-21 14:39:13,686 [Worker-233: Building] INFO  o.a.m.s.f.DefaultMavenResourcesFiltering - Copying 0 resource from src\main\resources to target\classes
2026-02-21 14:39:13,689 [Worker-233: Building] INFO  o.a.m.s.f.DefaultMavenResourcesFiltering - skip non existing resourceDirectory D:\JS+React\Micro Mentorship Project\mm\mm\src\test\resources
2026-02-21 17:40:12,682 [Worker-258: Building] INFO  o.a.m.s.f.DefaultMavenResourcesFiltering - Copying 1 resource from src\main\resources to target\classes
2026-02-21 17:40:12,689 [Worker-258: Building] INFO  o.a.m.s.f.DefaultMavenResourcesFiltering - Copying 0 resource from src\main\resources to target\classes
2026-02-21 17:40:12,695 [Worker-258: Building] INFO  o.a.m.s.f.DefaultMavenResourcesFiltering - skip non existing resourceDirectory D:\JS+React\Micro Mentorship Project\mm\mm\src\test\resources
2026-02-21 17:46:01,743 [Worker-264: Building] INFO  o.a.m.s.f.DefaultMavenResourcesFiltering - Copying 1 resource from src\main\resources to target\classes
2026-02-21 17:46:01,747 [Worker-264: Building] INFO  o.a.m.s.f.DefaultMavenResourcesFiltering - Copying 0 resource from src\main\resources to target\classes
2026-02-21 17:46:01,750 [Worker-264: Building] INFO  o.a.m.s.f.DefaultMavenResourcesFiltering - skip non existing resourceDirectory D:\JS+React\Micro Mentorship Project\mm\mm\src\test\resources
2026-02-23 09:55:00,880 [Worker-366: Building] INFO  o.a.m.s.f.DefaultMavenResourcesFiltering - Copying 1 resource from src\main\resources to target\classes
2026-02-23 09:55:00,886 [Worker-366: Building] INFO  o.a.m.s.f.DefaultMavenResourcesFiltering - Copying 0 resource from src\main\resources to target\classes
2026-02-23 09:55:00,889 [Worker-366: Building] INFO  o.a.m.s.f.DefaultMavenResourcesFiltering - skip non existing resourceDirectory D:\JS+React\Micro Mentorship Project\mm\mm\src\test\resources
2026-02-23 09:57:40,234 [Worker-372: Building] INFO  o.a.m.s.f.DefaultMavenResourcesFiltering - Copying 1 resource from src\main\resources to target\classes
2026-02-23 09:57:40,239 [Worker-372: Building] INFO  o.a.m.s.f.DefaultMavenResourcesFiltering - Copying 0 resource from src\main\resources to target\classes
2026-02-23 09:57:40,241 [Worker-372: Building] INFO  o.a.m.s.f.DefaultMavenResourcesFiltering - skip non existing resourceDirectory D:\JS+React\Micro Mentorship Project\mm\mm\src\test\resources
2026-02-23 10:17:04,376 [Worker-378: Building] INFO  o.a.m.s.f.DefaultMavenResourcesFiltering - Copying 1 resource from src\main\resources to target\classes
2026-02-23 10:17:04,390 [Worker-378: Building] INFO  o.a.m.s.f.DefaultMavenResourcesFiltering - Copying 0 resource from src\main\resources to target\classes
2026-02-23 10:17:04,395 [Worker-378: Building] INFO  o.a.m.s.f.DefaultMavenResourcesFiltering - skip non existing resourceDirectory D:\JS+React\Micro Mentorship Project\mm\mm\src\test\resources
2026-02-23 10:19:16,305 [Worker-366: Building] INFO  o.a.m.s.f.DefaultMavenResourcesFiltering - Copying 1 resource from src\main\resources to target\classes
2026-02-23 10:19:16,309 [Worker-366: Building] INFO  o.a.m.s.f.DefaultMavenResourcesFiltering - Copying 0 resource from src\main\resources to target\classes
2026-02-23 10:19:16,312 [Worker-366: Building] INFO  o.a.m.s.f.DefaultMavenResourcesFiltering - skip non existing resourceDirectory D:\JS+React\Micro Mentorship Project\mm\mm\src\test\resources
2026-02-23 14:40:15,828 [Worker-423: Building] INFO  o.a.m.s.f.DefaultMavenResourcesFiltering - Copying 1 resource from src\main\resources to target\classes
2026-02-23 14:40:15,868 [Worker-423: Building] INFO  o.a.m.s.f.DefaultMavenResourcesFiltering - Copying 0 resource from src\main\resources to target\classes
2026-02-23 14:40:15,875 [Worker-423: Building] INFO  o.a.m.s.f.DefaultMavenResourcesFiltering - skip non existing resourceDirectory D:\JS+React\Micro Mentorship Project\mm\mm\src\test\resources
2026-02-23 14:41:05,125 [Worker-426: Building] INFO  o.a.m.s.f.DefaultMavenResourcesFiltering - Copying 1 resource from src\main\resources to target\classes
2026-02-23 14:41:05,137 [Worker-426: Building] INFO  o.a.m.s.f.DefaultMavenResourcesFiltering - Copying 0 resource from src\main\resources to target\classes
2026-02-23 14:41:05,140 [Worker-426: Building] INFO  o.a.m.s.f.DefaultMavenResourcesFiltering - skip non existing resourceDirectory D:\JS+React\Micro Mentorship Project\mm\mm\src\test\resources
2026-02-23 14:47:16,966 [Worker-425: Building] INFO  o.a.m.s.f.DefaultMavenResourcesFiltering - Copying 1 resource from src\main\resources to target\classes
2026-02-23 14:47:16,972 [Worker-425: Building] INFO  o.a.m.s.f.DefaultMavenResourcesFiltering - Copying 0 resource from src\main\resources to target\classes
2026-02-23 14:47:16,975 [Worker-425: Building] INFO  o.a.m.s.f.DefaultMavenResourcesFiltering - skip non existing resourceDirectory D:\JS+React\Micro Mentorship Project\mm\mm\src\test\resources
2026-02-23 14:48:12,567 [Worker-431: Building] INFO  o.a.m.s.f.DefaultMavenResourcesFiltering - Copying 1 resource from src\main\resources to target\classes
2026-02-23 14:48:12,572 [Worker-431: Building] INFO  o.a.m.s.f.DefaultMavenResourcesFiltering - Copying 0 resource from src\main\resources to target\classes
2026-02-23 14:48:12,575 [Worker-431: Building] INFO  o.a.m.s.f.DefaultMavenResourcesFiltering - skip non existing resourceDirectory D:\JS+React\Micro Mentorship Project\mm\mm\src\test\resources
2026-02-23 14:48:42,262 [Worker-429: Building] INFO  o.a.m.s.f.DefaultMavenResourcesFiltering - Copying 1 resource from src\main\resources to target\classes
2026-02-23 14:48:42,267 [Worker-429: Building] INFO  o.a.m.s.f.DefaultMavenResourcesFiltering - Copying 0 resource from src\main\resources to target\classes
2026-02-23 14:48:42,270 [Worker-429: Building] INFO  o.a.m.s.f.DefaultMavenResourcesFiltering - skip non existing resourceDirectory D:\JS+React\Micro Mentorship Project\mm\mm\src\test\resources
2026-02-23 14:48:59,379 [Worker-435: Building] INFO  o.a.m.s.f.DefaultMavenResourcesFiltering - Copying 1 resource from src\main\resources to target\classes
2026-02-23 14:48:59,384 [Worker-435: Building] INFO  o.a.m.s.f.DefaultMavenResourcesFiltering - Copying 0 resource from src\main\resources to target\classes
2026-02-23 14:48:59,387 [Worker-435: Building] INFO  o.a.m.s.f.DefaultMavenResourcesFiltering - skip non existing resourceDirectory D:\JS+React\Micro Mentorship Project\mm\mm\src\test\resources
2026-02-23 14:57:00,304 [Worker-438: Building] INFO  o.a.m.s.f.DefaultMavenResourcesFiltering - Copying 1 resource from src\main\resources to target\classes
2026-02-23 14:57:00,309 [Worker-438: Building] INFO  o.a.m.s.f.DefaultMavenResourcesFiltering - Copying 0 resource from src\main\resources to target\classes
2026-02-23 14:57:00,311 [Worker-438: Building] INFO  o.a.m.s.f.DefaultMavenResourcesFiltering - skip non existing resourceDirectory D:\JS+React\Micro Mentorship Project\mm\mm\src\test\resources
2026-02-23 15:02:38,184 [Worker-439: Building] INFO  o.a.m.s.f.DefaultMavenResourcesFiltering - Copying 1 resource from src\main\resources to target\classes
2026-02-23 15:02:38,192 [Worker-439: Building] INFO  o.a.m.s.f.DefaultMavenResourcesFiltering - Copying 0 resource from src\main\resources to target\classes
2026-02-23 15:02:38,195 [Worker-439: Building] INFO  o.a.m.s.f.DefaultMavenResourcesFiltering - skip non existing resourceDirectory D:\JS+React\Micro Mentorship Project\mm\mm\src\test\resources
2026-02-23 15:45:33,039 [Worker-453: Building] INFO  o.a.m.s.f.DefaultMavenResourcesFiltering - Copying 1 resource from src\main\resources to target\classes
2026-02-23 15:45:33,087 [Worker-453: Building] INFO  o.a.m.s.f.DefaultMavenResourcesFiltering - Copying 0 resource from src\main\resources to target\classes
2026-02-23 15:45:33,091 [Worker-453: Building] INFO  o.a.m.s.f.DefaultMavenResourcesFiltering - skip non existing resourceDirectory D:\JS+React\Micro Mentorship Project\mm\mm\src\test\resources
2026-02-23 15:59:52,491 [Worker-451: Building] INFO  o.a.m.s.f.DefaultMavenResourcesFiltering - Copying 1 resource from src\main\resources to target\classes
2026-02-23 15:59:52,498 [Worker-451: Building] INFO  o.a.m.s.f.DefaultMavenResourcesFiltering - Copying 0 resource from src\main\resources to target\classes
2026-02-23 15:59:52,501 [Worker-451: Building] INFO  o.a.m.s.f.DefaultMavenResourcesFiltering - skip non existing resourceDirectory D:\JS+React\Micro Mentorship Project\mm\mm\src\test\resources
2026-02-23 16:02:10,147 [Worker-451: Building] INFO  o.a.m.s.f.DefaultMavenResourcesFiltering - Copying 1 resource from src\main\resources to target\classes
2026-02-23 16:02:10,153 [Worker-451: Building] INFO  o.a.m.s.f.DefaultMavenResourcesFiltering - Copying 0 resource from src\main\resources to target\classes
2026-02-23 16:02:10,154 [Worker-451: Building] INFO  o.a.m.s.f.DefaultMavenResourcesFiltering - skip non existing resourceDirectory D:\JS+React\Micro Mentorship Project\mm\mm\src\test\resources
2026-02-23 16:03:45,846 [Worker-451: Building] INFO  o.a.m.s.f.DefaultMavenResourcesFiltering - Copying 1 resource from src\main\resources to target\classes
2026-02-23 16:03:45,851 [Worker-451: Building] INFO  o.a.m.s.f.DefaultMavenResourcesFiltering - Copying 0 resource from src\main\resources to target\classes
2026-02-23 16:03:45,854 [Worker-451: Building] INFO  o.a.m.s.f.DefaultMavenResourcesFiltering - skip non existing resourceDirectory D:\JS+React\Micro Mentorship Project\mm\mm\src\test\resources
2026-02-23 16:05:17,480 [Worker-451: Building] INFO  o.a.m.s.f.DefaultMavenResourcesFiltering - Copying 1 resource from src\main\resources to target\classes
2026-02-23 16:05:17,486 [Worker-451: Building] INFO  o.a.m.s.f.DefaultMavenResourcesFiltering - Copying 0 resource from src\main\resources to target\classes
2026-02-23 16:05:17,488 [Worker-451: Building] INFO  o.a.m.s.f.DefaultMavenResourcesFiltering - skip non existing resourceDirectory D:\JS+React\Micro Mentorship Project\mm\mm\src\test\resources
2026-02-23 16:06:47,567 [Worker-459: Building] INFO  o.a.m.s.f.DefaultMavenResourcesFiltering - Copying 1 resource from src\main\resources to target\classes
2026-02-23 16:06:47,572 [Worker-459: Building] INFO  o.a.m.s.f.DefaultMavenResourcesFiltering - Copying 0 resource from src\main\resources to target\classes
2026-02-23 16:06:47,574 [Worker-459: Building] INFO  o.a.m.s.f.DefaultMavenResourcesFiltering - skip non existing resourceDirectory D:\JS+React\Micro Mentorship Project\mm\mm\src\test\resources
2026-02-24 11:49:06,242 [Worker-535: Building] INFO  o.a.m.s.f.DefaultMavenResourcesFiltering - Copying 1 resource from src\main\resources to target\classes
2026-02-24 11:49:06,278 [Worker-535: Building] INFO  o.a.m.s.f.DefaultMavenResourcesFiltering - Copying 0 resource from src\main\resources to target\classes
2026-02-24 11:49:06,283 [Worker-535: Building] INFO  o.a.m.s.f.DefaultMavenResourcesFiltering - skip non existing resourceDirectory D:\JS+React\Micro Mentorship Project\mm\mm\src\test\resources
2026-02-24 11:49:55,172 [Worker-535: Building] INFO  o.e.m.c.i.l.LifecycleMappingFactory - Using org.eclipse.m2e.jdt.JarLifecycleMapping lifecycle mapping for MavenProject: com.micromentorship:mm:0.0.1-SNAPSHOT @ D:\JS+React\Micro Mentorship Project\mm\mm\pom.xml.
2026-02-24 11:49:57,714 [Worker-535: Building] INFO  o.e.m.c.i.e.AbstractTransferListenerAdapter - Downloading https://repo.maven.apache.org/maven2/com/github/javafaker/javafaker/1.0.2/javafaker-1.0.2.pom
2026-02-24 11:49:57,742 [Worker-535: Building] INFO  o.e.m.c.i.e.AbstractTransferListenerAdapter - Downloaded https://repo.maven.apache.org/maven2/com/github/javafaker/javafaker/1.0.2/javafaker-1.0.2.pom
2026-02-24 11:49:57,832 [Worker-535: Building] INFO  o.e.m.c.i.e.AbstractTransferListenerAdapter - Downloading https://repo.maven.apache.org/maven2/org/yaml/snakeyaml/1.23/snakeyaml-1.23.pom
2026-02-24 11:49:57,882 [Worker-535: Building] INFO  o.e.m.c.i.e.AbstractTransferListenerAdapter - Downloaded https://repo.maven.apache.org/maven2/org/yaml/snakeyaml/1.23/snakeyaml-1.23.pom
2026-02-24 11:49:58,041 [Worker-535: Building] INFO  o.e.m.c.i.e.AbstractTransferListenerAdapter - Downloading https://repo.maven.apache.org/maven2/com/github/mifmif/generex/1.0.2/generex-1.0.2.pom
2026-02-24 11:49:58,073 [Worker-535: Building] INFO  o.e.m.c.i.e.AbstractTransferListenerAdapter - Downloaded https://repo.maven.apache.org/maven2/com/github/mifmif/generex/1.0.2/generex-1.0.2.pom
2026-02-24 11:49:58,142 [Worker-535: Building] INFO  o.e.m.c.i.e.AbstractTransferListenerAdapter - Downloading https://repo.maven.apache.org/maven2/dk/brics/automaton/automaton/1.11-8/automaton-1.11-8.pom
2026-02-24 11:49:58,155 [Worker-535: Building] INFO  o.e.m.c.i.e.AbstractTransferListenerAdapter - Downloaded https://repo.maven.apache.org/maven2/dk/brics/automaton/automaton/1.11-8/automaton-1.11-8.pom
2026-02-24 11:49:59,574 [Worker-535: Building] INFO  o.e.m.c.i.e.AbstractTransferListenerAdapter - Downloading https://repo.maven.apache.org/maven2/com/github/javafaker/javafaker/1.0.2/javafaker-1.0.2.jar
2026-02-24 11:49:59,717 [Worker-535: Building] INFO  o.e.m.c.i.e.AbstractTransferListenerAdapter - Downloaded https://repo.maven.apache.org/maven2/com/github/javafaker/javafaker/1.0.2/javafaker-1.0.2.jar
2026-02-24 11:49:59,750 [BasicRepositoryConnector-repo.maven.apache.org-1-0] INFO  o.e.m.c.i.e.AbstractTransferListenerAdapter - Downloading https://repo.maven.apache.org/maven2/org/yaml/snakeyaml/1.23/snakeyaml-1.23-android.jar
2026-02-24 11:49:59,783 [BasicRepositoryConnector-repo.maven.apache.org-1-0] INFO  o.e.m.c.i.e.AbstractTransferListenerAdapter - Downloaded https://repo.maven.apache.org/maven2/org/yaml/snakeyaml/1.23/snakeyaml-1.23-android.jar
2026-02-24 11:49:59,812 [BasicRepositoryConnector-repo.maven.apache.org-1-2] INFO  o.e.m.c.i.e.AbstractTransferListenerAdapter - Downloading https://repo.maven.apache.org/maven2/dk/brics/automaton/automaton/1.11-8/automaton-1.11-8.jar
2026-02-24 11:49:59,823 [BasicRepositoryConnector-repo.maven.apache.org-1-1] INFO  o.e.m.c.i.e.AbstractTransferListenerAdapter - Downloading https://repo.maven.apache.org/maven2/com/github/mifmif/generex/1.0.2/generex-1.0.2.jar
2026-02-24 11:49:59,834 [BasicRepositoryConnector-repo.maven.apache.org-1-1] INFO  o.e.m.c.i.e.AbstractTransferListenerAdapter - Downloaded https://repo.maven.apache.org/maven2/com/github/mifmif/generex/1.0.2/generex-1.0.2.jar
2026-02-24 11:49:59,856 [BasicRepositoryConnector-repo.maven.apache.org-1-2] INFO  o.e.m.c.i.e.AbstractTransferListenerAdapter - Downloaded https://repo.maven.apache.org/maven2/dk/brics/automaton/automaton/1.11-8/automaton-1.11-8.jar
2026-02-24 11:50:00,857 [Worker-535: Building] INFO  o.a.m.s.f.DefaultMavenResourcesFiltering - Copying 0 resource from src\main\resources to target\classes
2026-02-24 11:50:00,858 [Worker-535: Building] INFO  o.a.m.s.f.DefaultMavenResourcesFiltering - Copying 0 resource from src\main\resources to target\classes
2026-02-24 11:50:00,864 [Worker-535: Building] INFO  o.a.m.s.f.DefaultMavenResourcesFiltering - skip non existing resourceDirectory D:\JS+React\Micro Mentorship Project\mm\mm\src\test\resources
2026-02-24 11:50:01,746 [Worker-536: Download sources and javadoc] INFO  o.e.m.c.i.e.AbstractTransferListenerAdapter - Downloading https://repo.maven.apache.org/maven2/com/github/javafaker/javafaker/1.0.2/javafaker-1.0.2-sources.jar
2026-02-24 11:50:01,852 [Worker-536: Download sources and javadoc] INFO  o.e.m.c.i.e.AbstractTransferListenerAdapter - Downloaded https://repo.maven.apache.org/maven2/com/github/javafaker/javafaker/1.0.2/javafaker-1.0.2-sources.jar
2026-02-24 11:50:01,854 [Worker-536: Download sources and javadoc] INFO  o.e.m.j.internal.DownloadSourcesJob - Downloaded sources for com.github.javafaker:javafaker:1.0.2
2026-02-24 11:50:01,930 [Worker-536: Download sources and javadoc] INFO  o.e.m.c.i.e.AbstractTransferListenerAdapter - Downloading https://repo.maven.apache.org/maven2/org/yaml/snakeyaml/1.23/snakeyaml-1.23-sources.jar
2026-02-24 11:50:01,973 [Worker-536: Download sources and javadoc] INFO  o.e.m.c.i.e.AbstractTransferListenerAdapter - Downloaded https://repo.maven.apache.org/maven2/org/yaml/snakeyaml/1.23/snakeyaml-1.23-sources.jar
2026-02-24 11:50:01,975 [Worker-536: Download sources and javadoc] INFO  o.e.m.j.internal.DownloadSourcesJob - Downloaded sources for org.yaml:snakeyaml:1.23android
2026-02-24 11:50:02,103 [Worker-534: Building] INFO  o.a.m.s.f.DefaultMavenResourcesFiltering - Copying 1 resource from src\main\resources to target\classes
2026-02-24 11:50:02,124 [Worker-534: Building] INFO  o.a.m.s.f.DefaultMavenResourcesFiltering - Copying 0 resource from src\main\resources to target\classes
2026-02-24 11:50:02,125 [Worker-534: Building] INFO  o.a.m.s.f.DefaultMavenResourcesFiltering - skip non existing resourceDirectory D:\JS+React\Micro Mentorship Project\mm\mm\src\test\resources
2026-02-24 11:50:02,133 [Worker-536: Download sources and javadoc] INFO  o.e.m.c.i.e.AbstractTransferListenerAdapter - Downloading https://repo.maven.apache.org/maven2/com/github/mifmif/generex/1.0.2/generex-1.0.2-sources.jar
2026-02-24 11:50:02,136 [Worker-536: Download sources and javadoc] INFO  o.e.m.c.i.e.AbstractTransferListenerAdapter - Downloaded https://repo.maven.apache.org/maven2/com/github/mifmif/generex/1.0.2/generex-1.0.2-sources.jar
2026-02-24 11:50:02,138 [Worker-536: Download sources and javadoc] INFO  o.e.m.j.internal.DownloadSourcesJob - Downloaded sources for com.github.mifmif:generex:1.0.2
2026-02-24 11:50:02,264 [Worker-536: Download sources and javadoc] INFO  o.e.m.c.i.e.AbstractTransferListenerAdapter - Downloading https://repo.maven.apache.org/maven2/dk/brics/automaton/automaton/1.11-8/automaton-1.11-8-sources.jar
2026-02-24 11:50:02,287 [Worker-536: Download sources and javadoc] INFO  o.e.m.c.i.e.AbstractTransferListenerAdapter - Downloaded https://repo.maven.apache.org/maven2/dk/brics/automaton/automaton/1.11-8/automaton-1.11-8-sources.jar
2026-02-24 11:50:02,290 [Worker-536: Download sources and javadoc] INFO  o.e.m.j.internal.DownloadSourcesJob - Downloaded sources for dk.brics.automaton:automaton:1.11-8
2026-02-24 11:50:25,754 [Worker-539: Building] INFO  o.a.m.s.f.DefaultMavenResourcesFiltering - Copying 1 resource from src\main\resources to target\classes
2026-02-24 11:50:25,761 [Worker-539: Building] INFO  o.a.m.s.f.DefaultMavenResourcesFiltering - Copying 0 resource from src\main\resources to target\classes
2026-02-24 11:50:25,764 [Worker-539: Building] INFO  o.a.m.s.f.DefaultMavenResourcesFiltering - skip non existing resourceDirectory D:\JS+React\Micro Mentorship Project\mm\mm\src\test\resources
2026-02-24 11:51:14,413 [Worker-537: Building] INFO  o.e.m.c.i.l.LifecycleMappingFactory - Using org.eclipse.m2e.jdt.JarLifecycleMapping lifecycle mapping for MavenProject: com.micromentorship:mm:0.0.1-SNAPSHOT @ D:\JS+React\Micro Mentorship Project\mm\mm\pom.xml.
2026-02-24 11:51:14,894 [Worker-537: Building] INFO  o.a.m.s.f.DefaultMavenResourcesFiltering - Copying 0 resource from src\main\resources to target\classes
2026-02-24 11:51:14,895 [Worker-537: Building] INFO  o.a.m.s.f.DefaultMavenResourcesFiltering - Copying 0 resource from src\main\resources to target\classes
2026-02-24 11:51:14,898 [Worker-537: Building] INFO  o.a.m.s.f.DefaultMavenResourcesFiltering - skip non existing resourceDirectory D:\JS+React\Micro Mentorship Project\mm\mm\src\test\resources
2026-02-24 11:51:16,365 [Worker-537: Building] INFO  o.a.m.s.f.DefaultMavenResourcesFiltering - Copying 1 resource from src\main\resources to target\classes
2026-02-24 11:51:16,376 [Worker-537: Building] INFO  o.a.m.s.f.DefaultMavenResourcesFiltering - Copying 0 resource from src\main\resources to target\classes
2026-02-24 11:51:16,378 [Worker-537: Building] INFO  o.a.m.s.f.DefaultMavenResourcesFiltering - skip non existing resourceDirectory D:\JS+React\Micro Mentorship Project\mm\mm\src\test\resources
2026-02-24 11:51:54,137 [Worker-535: Building] INFO  o.e.m.c.i.l.LifecycleMappingFactory - Using org.eclipse.m2e.jdt.JarLifecycleMapping lifecycle mapping for MavenProject: com.micromentorship:mm:0.0.1-SNAPSHOT @ D:\JS+React\Micro Mentorship Project\mm\mm\pom.xml.
2026-02-24 11:51:54,628 [Worker-535: Building] INFO  o.a.m.s.f.DefaultMavenResourcesFiltering - Copying 0 resource from src\main\resources to target\classes
2026-02-24 11:51:54,628 [Worker-535: Building] INFO  o.a.m.s.f.DefaultMavenResourcesFiltering - Copying 0 resource from src\main\resources to target\classes
2026-02-24 11:51:54,632 [Worker-535: Building] INFO  o.a.m.s.f.DefaultMavenResourcesFiltering - skip non existing resourceDirectory D:\JS+React\Micro Mentorship Project\mm\mm\src\test\resources
2026-02-24 11:51:55,983 [Worker-538: Building] INFO  o.a.m.s.f.DefaultMavenResourcesFiltering - Copying 1 resource from src\main\resources to target\classes
2026-02-24 11:51:55,994 [Worker-538: Building] INFO  o.a.m.s.f.DefaultMavenResourcesFiltering - Copying 0 resource from src\main\resources to target\classes
2026-02-24 11:51:55,995 [Worker-538: Building] INFO  o.a.m.s.f.DefaultMavenResourcesFiltering - skip non existing resourceDirectory D:\JS+React\Micro Mentorship Project\mm\mm\src\test\resources
2026-02-24 12:12:09,024 [Worker-545: Building] INFO  o.a.m.s.f.DefaultMavenResourcesFiltering - Copying 1 resource from src\main\resources to target\classes
2026-02-24 12:12:09,034 [Worker-545: Building] INFO  o.a.m.s.f.DefaultMavenResourcesFiltering - Copying 0 resource from src\main\resources to target\classes
2026-02-24 12:12:09,040 [Worker-545: Building] INFO  o.a.m.s.f.DefaultMavenResourcesFiltering - skip non existing resourceDirectory D:\JS+React\Micro Mentorship Project\mm\mm\src\test\resources
2026-02-24 12:12:20,081 [Worker-547: Building] INFO  o.a.m.s.f.DefaultMavenResourcesFiltering - Copying 1 resource from src\main\resources to target\classes
2026-02-24 12:12:20,090 [Worker-547: Building] INFO  o.a.m.s.f.DefaultMavenResourcesFiltering - Copying 0 resource from src\main\resources to target\classes
2026-02-24 12:12:20,094 [Worker-547: Building] INFO  o.a.m.s.f.DefaultMavenResourcesFiltering - skip non existing resourceDirectory D:\JS+React\Micro Mentorship Project\mm\mm\src\test\resources
2026-02-24 12:12:40,762 [Worker-536: Building] INFO  o.a.m.s.f.DefaultMavenResourcesFiltering - Copying 1 resource from src\main\resources to target\classes
2026-02-24 12:12:40,770 [Worker-536: Building] INFO  o.a.m.s.f.DefaultMavenResourcesFiltering - Copying 0 resource from src\main\resources to target\classes
2026-02-24 12:12:40,775 [Worker-536: Building] INFO  o.a.m.s.f.DefaultMavenResourcesFiltering - skip non existing resourceDirectory D:\JS+React\Micro Mentorship Project\mm\mm\src\test\resources
2026-02-24 12:56:12,116 [Worker-559: Building] INFO  o.a.m.s.f.DefaultMavenResourcesFiltering - Copying 1 resource from src\main\resources to target\classes
2026-02-24 12:56:12,132 [Worker-559: Building] INFO  o.a.m.s.f.DefaultMavenResourcesFiltering - Copying 0 resource from src\main\resources to target\classes
2026-02-24 12:56:12,139 [Worker-559: Building] INFO  o.a.m.s.f.DefaultMavenResourcesFiltering - skip non existing resourceDirectory D:\JS+React\Micro Mentorship Project\mm\mm\src\test\resources
2026-02-24 13:22:56,140 [Worker-564: Building] INFO  o.a.m.s.f.DefaultMavenResourcesFiltering - Copying 1 resource from src\main\resources to target\classes
2026-02-24 13:22:56,166 [Worker-564: Building] INFO  o.a.m.s.f.DefaultMavenResourcesFiltering - Copying 0 resource from src\main\resources to target\classes
2026-02-24 13:22:56,171 [Worker-564: Building] INFO  o.a.m.s.f.DefaultMavenResourcesFiltering - skip non existing resourceDirectory D:\JS+React\Micro Mentorship Project\mm\mm\src\test\resources
2026-02-24 13:34:00,082 [Worker-571: Building] INFO  o.a.m.s.f.DefaultMavenResourcesFiltering - Copying 1 resource from src\main\resources to target\classes
2026-02-24 13:34:00,087 [Worker-571: Building] INFO  o.a.m.s.f.DefaultMavenResourcesFiltering - Copying 0 resource from src\main\resources to target\classes
2026-02-24 13:34:00,090 [Worker-571: Building] INFO  o.a.m.s.f.DefaultMavenResourcesFiltering - skip non existing resourceDirectory D:\JS+React\Micro Mentorship Project\mm\mm\src\test\resources
2026-02-24 13:41:09,213 [Worker-571: Building] INFO  o.a.m.s.f.DefaultMavenResourcesFiltering - Copying 1 resource from src\main\resources to target\classes
2026-02-24 13:41:09,221 [Worker-571: Building] INFO  o.a.m.s.f.DefaultMavenResourcesFiltering - Copying 0 resource from src\main\resources to target\classes
2026-02-24 13:41:09,224 [Worker-571: Building] INFO  o.a.m.s.f.DefaultMavenResourcesFiltering - skip non existing resourceDirectory D:\JS+React\Micro Mentorship Project\mm\mm\src\test\resources
2026-02-25 16:31:10,696 [Worker-597: Building] INFO  o.a.m.s.f.DefaultMavenResourcesFiltering - Copying 1 resource from src\main\resources to target\classes
2026-02-25 16:31:10,709 [Worker-597: Building] INFO  o.a.m.s.f.DefaultMavenResourcesFiltering - Copying 0 resource from src\main\resources to target\classes
2026-02-25 16:31:10,713 [Worker-597: Building] INFO  o.a.m.s.f.DefaultMavenResourcesFiltering - skip non existing resourceDirectory D:\JS+React\Micro Mentorship Project\mm\mm\src\test\resources
2026-02-25 16:39:28,625 [Worker-606: Building] INFO  o.a.m.s.f.DefaultMavenResourcesFiltering - Copying 1 resource from src\main\resources to target\classes
2026-02-25 16:39:28,633 [Worker-606: Building] INFO  o.a.m.s.f.DefaultMavenResourcesFiltering - Copying 0 resource from src\main\resources to target\classes
2026-02-25 16:39:28,636 [Worker-606: Building] INFO  o.a.m.s.f.DefaultMavenResourcesFiltering - skip non existing resourceDirectory D:\JS+React\Micro Mentorship Project\mm\mm\src\test\resources
2026-02-25 16:39:55,974 [Worker-608: Building] INFO  o.a.m.s.f.DefaultMavenResourcesFiltering - Copying 1 resource from src\main\resources to target\classes
2026-02-25 16:39:55,978 [Worker-608: Building] INFO  o.a.m.s.f.DefaultMavenResourcesFiltering - Copying 0 resource from src\main\resources to target\classes
2026-02-25 16:39:55,983 [Worker-608: Building] INFO  o.a.m.s.f.DefaultMavenResourcesFiltering - skip non existing resourceDirectory D:\JS+React\Micro Mentorship Project\mm\mm\src\test\resources
2026-02-25 16:54:16,846 [Worker-614: Building] INFO  o.a.m.s.f.DefaultMavenResourcesFiltering - Copying 1 resource from src\main\resources to target\classes
2026-02-25 16:54:16,859 [Worker-614: Building] INFO  o.a.m.s.f.DefaultMavenResourcesFiltering - Copying 0 resource from src\main\resources to target\classes
2026-02-25 16:54:16,865 [Worker-614: Building] INFO  o.a.m.s.f.DefaultMavenResourcesFiltering - skip non existing resourceDirectory D:\JS+React\Micro Mentorship Project\mm\mm\src\test\resources
2026-02-27 14:13:01,306 [Worker-757: Building] INFO  o.a.m.s.f.DefaultMavenResourcesFiltering - Copying 1 resource from src\main\resources to target\classes
2026-02-27 14:13:01,407 [Worker-757: Building] INFO  o.a.m.s.f.DefaultMavenResourcesFiltering - Copying 0 resource from src\main\resources to target\classes
2026-02-27 14:13:01,412 [Worker-757: Building] INFO  o.a.m.s.f.DefaultMavenResourcesFiltering - skip non existing resourceDirectory D:\JS+React\Micro Mentorship Project\mm\mm\src\test\resources
2026-02-27 14:15:05,793 [Worker-756: Building] INFO  o.a.m.s.f.DefaultMavenResourcesFiltering - Copying 1 resource from src\main\resources to target\classes
2026-02-27 14:15:05,802 [Worker-756: Building] INFO  o.a.m.s.f.DefaultMavenResourcesFiltering - Copying 0 resource from src\main\resources to target\classes
2026-02-27 14:15:05,804 [Worker-756: Building] INFO  o.a.m.s.f.DefaultMavenResourcesFiltering - skip non existing resourceDirectory D:\JS+React\Micro Mentorship Project\mm\mm\src\test\resources
2026-02-27 14:16:29,566 [Worker-753: Building] INFO  o.a.m.s.f.DefaultMavenResourcesFiltering - Copying 1 resource from src\main\resources to target\classes
2026-02-27 14:16:29,628 [Worker-753: Building] INFO  o.a.m.s.f.DefaultMavenResourcesFiltering - Copying 0 resource from src\main\resources to target\classes
2026-02-27 14:16:29,634 [Worker-753: Building] INFO  o.a.m.s.f.DefaultMavenResourcesFiltering - skip non existing resourceDirectory D:\JS+React\Micro Mentorship Project\mm\mm\src\test\resources
2026-02-27 14:17:43,017 [Worker-757: Building] INFO  o.a.m.s.f.DefaultMavenResourcesFiltering - Copying 1 resource from src\main\resources to target\classes
2026-02-27 14:17:43,024 [Worker-757: Building] INFO  o.a.m.s.f.DefaultMavenResourcesFiltering - Copying 0 resource from src\main\resources to target\classes
2026-02-27 14:17:43,027 [Worker-757: Building] INFO  o.a.m.s.f.DefaultMavenResourcesFiltering - skip non existing resourceDirectory D:\JS+React\Micro Mentorship Project\mm\mm\src\test\resources
2026-02-27 14:18:13,163 [Worker-758: Building] INFO  o.a.m.s.f.DefaultMavenResourcesFiltering - Copying 1 resource from src\main\resources to target\classes
2026-02-27 14:18:13,170 [Worker-758: Building] INFO  o.a.m.s.f.DefaultMavenResourcesFiltering - Copying 0 resource from src\main\resources to target\classes
2026-02-27 14:18:13,173 [Worker-758: Building] INFO  o.a.m.s.f.DefaultMavenResourcesFiltering - skip non existing resourceDirectory D:\JS+React\Micro Mentorship Project\mm\mm\src\test\resources
2026-02-27 14:20:52,582 [Worker-753: Building] INFO  o.a.m.s.f.DefaultMavenResourcesFiltering - Copying 1 resource from src\main\resources to target\classes
2026-02-27 14:20:52,588 [Worker-753: Building] INFO  o.a.m.s.f.DefaultMavenResourcesFiltering - Copying 0 resource from src\main\resources to target\classes
2026-02-27 14:20:52,591 [Worker-753: Building] INFO  o.a.m.s.f.DefaultMavenResourcesFiltering - skip non existing resourceDirectory D:\JS+React\Micro Mentorship Project\mm\mm\src\test\resources
2026-02-27 16:05:48,395 [Worker-779: Building] INFO  o.a.m.s.f.DefaultMavenResourcesFiltering - Copying 1 resource from src\main\resources to target\classes
2026-02-27 16:05:48,429 [Worker-779: Building] INFO  o.a.m.s.f.DefaultMavenResourcesFiltering - Copying 0 resource from src\main\resources to target\classes
2026-02-27 16:05:48,431 [Worker-779: Building] INFO  o.a.m.s.f.DefaultMavenResourcesFiltering - skip non existing resourceDirectory D:\JS+React\Micro Mentorship Project\mm\mm\src\test\resources
2026-02-27 16:43:00,691 [Worker-783: Building] INFO  o.a.m.s.f.DefaultMavenResourcesFiltering - Copying 1 resource from src\main\resources to target\classes
2026-02-27 16:43:00,701 [Worker-783: Building] INFO  o.a.m.s.f.DefaultMavenResourcesFiltering - Copying 0 resource from src\main\resources to target\classes
2026-02-27 16:43:00,704 [Worker-783: Building] INFO  o.a.m.s.f.DefaultMavenResourcesFiltering - skip non existing resourceDirectory D:\JS+React\Micro Mentorship Project\mm\mm\src\test\resources
2026-02-27 16:43:13,798 [Worker-783: Building] INFO  o.a.m.s.f.DefaultMavenResourcesFiltering - Copying 1 resource from src\main\resources to target\classes
2026-02-27 16:43:13,824 [Worker-783: Building] INFO  o.a.m.s.f.DefaultMavenResourcesFiltering - Copying 0 resource from src\main\resources to target\classes
2026-02-27 16:43:13,825 [Worker-783: Building] INFO  o.a.m.s.f.DefaultMavenResourcesFiltering - skip non existing resourceDirectory D:\JS+React\Micro Mentorship Project\mm\mm\src\test\resources
2026-02-27 16:44:17,777 [Worker-791: Building] INFO  o.a.m.s.f.DefaultMavenResourcesFiltering - Copying 1 resource from src\main\resources to target\classes
2026-02-27 16:44:17,783 [Worker-791: Building] INFO  o.a.m.s.f.DefaultMavenResourcesFiltering - Copying 0 resource from src\main\resources to target\classes
2026-02-27 16:44:17,788 [Worker-791: Building] INFO  o.a.m.s.f.DefaultMavenResourcesFiltering - skip non existing resourceDirectory D:\JS+React\Micro Mentorship Project\mm\mm\src\test\resources
2026-02-28 14:55:11,703 [Worker-858: Building] INFO  o.a.m.s.f.DefaultMavenResourcesFiltering - Copying 1 resource from src\main\resources to target\classes
2026-02-28 14:55:11,769 [Worker-858: Building] INFO  o.a.m.s.f.DefaultMavenResourcesFiltering - Copying 0 resource from src\main\resources to target\classes
2026-02-28 14:55:11,774 [Worker-858: Building] INFO  o.a.m.s.f.DefaultMavenResourcesFiltering - skip non existing resourceDirectory D:\JS+React\Micro Mentorship Project\mm\mm\src\test\resources
2026-02-28 15:02:04,464 [Worker-856: Building] INFO  o.a.m.s.f.DefaultMavenResourcesFiltering - Copying 1 resource from src\main\resources to target\classes
2026-02-28 15:02:04,561 [Worker-856: Building] INFO  o.a.m.s.f.DefaultMavenResourcesFiltering - Copying 0 resource from src\main\resources to target\classes
2026-02-28 15:02:04,566 [Worker-856: Building] INFO  o.a.m.s.f.DefaultMavenResourcesFiltering - skip non existing resourceDirectory D:\JS+React\Micro Mentorship Project\mm\mm\src\test\resources
2026-02-28 15:03:45,018 [Worker-856: Building] INFO  o.a.m.s.f.DefaultMavenResourcesFiltering - Copying 1 resource from src\main\resources to target\classes
2026-02-28 15:03:45,053 [Worker-856: Building] INFO  o.a.m.s.f.DefaultMavenResourcesFiltering - Copying 0 resource from src\main\resources to target\classes
2026-02-28 15:03:45,055 [Worker-856: Building] INFO  o.a.m.s.f.DefaultMavenResourcesFiltering - skip non existing resourceDirectory D:\JS+React\Micro Mentorship Project\mm\mm\src\test\resources
2026-02-28 15:04:06,647 [Worker-862: Building] INFO  o.a.m.s.f.DefaultMavenResourcesFiltering - Copying 1 resource from src\main\resources to target\classes
2026-02-28 15:04:06,658 [Worker-862: Building] INFO  o.a.m.s.f.DefaultMavenResourcesFiltering - Copying 0 resource from src\main\resources to target\classes
2026-02-28 15:04:06,661 [Worker-862: Building] INFO  o.a.m.s.f.DefaultMavenResourcesFiltering - skip non existing resourceDirectory D:\JS+React\Micro Mentorship Project\mm\mm\src\test\resources
2026-02-28 15:04:20,068 [Worker-858: Building] INFO  o.a.m.s.f.DefaultMavenResourcesFiltering - Copying 1 resource from src\main\resources to target\classes
2026-02-28 15:04:20,072 [Worker-858: Building] INFO  o.a.m.s.f.DefaultMavenResourcesFiltering - Copying 0 resource from src\main\resources to target\classes
2026-02-28 15:04:20,074 [Worker-858: Building] INFO  o.a.m.s.f.DefaultMavenResourcesFiltering - skip non existing resourceDirectory D:\JS+React\Micro Mentorship Project\mm\mm\src\test\resources
2026-02-28 15:09:36,703 [Worker-861: Building] INFO  o.a.m.s.f.DefaultMavenResourcesFiltering - Copying 1 resource from src\main\resources to target\classes
2026-02-28 15:09:36,830 [Worker-861: Building] INFO  o.a.m.s.f.DefaultMavenResourcesFiltering - Copying 0 resource from src\main\resources to target\classes
2026-02-28 15:09:36,831 [Worker-861: Building] INFO  o.a.m.s.f.DefaultMavenResourcesFiltering - skip non existing resourceDirectory D:\JS+React\Micro Mentorship Project\mm\mm\src\test\resources
2026-02-28 15:15:17,671 [Worker-864: Building] INFO  o.a.m.s.f.DefaultMavenResourcesFiltering - Copying 1 resource from src\main\resources to target\classes
2026-02-28 15:15:17,689 [Worker-864: Building] INFO  o.a.m.s.f.DefaultMavenResourcesFiltering - Copying 0 resource from src\main\resources to target\classes
2026-02-28 15:15:17,692 [Worker-864: Building] INFO  o.a.m.s.f.DefaultMavenResourcesFiltering - skip non existing resourceDirectory D:\JS+React\Micro Mentorship Project\mm\mm\src\test\resources
2026-02-28 15:15:59,814 [Worker-861: Building] INFO  o.a.m.s.f.DefaultMavenResourcesFiltering - Copying 1 resource from src\main\resources to target\classes
2026-02-28 15:15:59,826 [Worker-861: Building] INFO  o.a.m.s.f.DefaultMavenResourcesFiltering - Copying 0 resource from src\main\resources to target\classes
2026-02-28 15:15:59,828 [Worker-861: Building] INFO  o.a.m.s.f.DefaultMavenResourcesFiltering - skip non existing resourceDirectory D:\JS+React\Micro Mentorship Project\mm\mm\src\test\resources
2026-02-28 15:16:43,129 [Worker-861: Building] INFO  o.a.m.s.f.DefaultMavenResourcesFiltering - Copying 1 resource from src\main\resources to target\classes
2026-02-28 15:16:43,141 [Worker-861: Building] INFO  o.a.m.s.f.DefaultMavenResourcesFiltering - Copying 0 resource from src\main\resources to target\classes
2026-02-28 15:16:43,144 [Worker-861: Building] INFO  o.a.m.s.f.DefaultMavenResourcesFiltering - skip non existing resourceDirectory D:\JS+React\Micro Mentorship Project\mm\mm\src\test\resources
2026-02-28 15:44:59,328 [Worker-882: Building] INFO  o.a.m.s.f.DefaultMavenResourcesFiltering - Copying 1 resource from src\main\resources to target\classes
2026-02-28 15:44:59,363 [Worker-882: Building] INFO  o.a.m.s.f.DefaultMavenResourcesFiltering - Copying 0 resource from src\main\resources to target\classes
2026-02-28 15:44:59,365 [Worker-882: Building] INFO  o.a.m.s.f.DefaultMavenResourcesFiltering - skip non existing resourceDirectory D:\JS+React\Micro Mentorship Project\mm\mm\src\test\resources
2026-02-28 15:48:09,589 [Worker-879: Building] INFO  o.a.m.s.f.DefaultMavenResourcesFiltering - Copying 1 resource from src\main\resources to target\classes
2026-02-28 15:48:09,627 [Worker-879: Building] INFO  o.a.m.s.f.DefaultMavenResourcesFiltering - Copying 0 resource from src\main\resources to target\classes
2026-02-28 15:48:09,629 [Worker-879: Building] INFO  o.a.m.s.f.DefaultMavenResourcesFiltering - skip non existing resourceDirectory D:\JS+React\Micro Mentorship Project\mm\mm\src\test\resources
2026-02-28 15:54:13,921 [Worker-881: Building] INFO  o.a.m.s.f.DefaultMavenResourcesFiltering - Copying 1 resource from src\main\resources to target\classes
2026-02-28 15:54:13,955 [Worker-881: Building] INFO  o.a.m.s.f.DefaultMavenResourcesFiltering - Copying 0 resource from src\main\resources to target\classes
2026-02-28 15:54:13,957 [Worker-881: Building] INFO  o.a.m.s.f.DefaultMavenResourcesFiltering - skip non existing resourceDirectory D:\JS+React\Micro Mentorship Project\mm\mm\src\test\resources
2026-02-28 15:54:17,578 [Worker-880: Building] INFO  o.a.m.s.f.DefaultMavenResourcesFiltering - Copying 1 resource from src\main\resources to target\classes
2026-02-28 15:54:17,601 [Worker-880: Building] INFO  o.a.m.s.f.DefaultMavenResourcesFiltering - Copying 0 resource from src\main\resources to target\classes
2026-02-28 15:54:17,603 [Worker-880: Building] INFO  o.a.m.s.f.DefaultMavenResourcesFiltering - skip non existing resourceDirectory D:\JS+React\Micro Mentorship Project\mm\mm\src\test\resources
2026-02-28 16:59:37,672 [Worker-898: Building] INFO  o.a.m.s.f.DefaultMavenResourcesFiltering - Copying 1 resource from src\main\resources to target\classes
2026-02-28 16:59:37,708 [Worker-898: Building] INFO  o.a.m.s.f.DefaultMavenResourcesFiltering - Copying 0 resource from src\main\resources to target\classes
2026-02-28 16:59:37,710 [Worker-898: Building] INFO  o.a.m.s.f.DefaultMavenResourcesFiltering - skip non existing resourceDirectory D:\JS+React\Micro Mentorship Project\mm\mm\src\test\resources
2026-02-28 16:59:48,762 [Worker-900: Building] INFO  o.a.m.s.f.DefaultMavenResourcesFiltering - Copying 1 resource from src\main\resources to target\classes
2026-02-28 16:59:48,773 [Worker-900: Building] INFO  o.a.m.s.f.DefaultMavenResourcesFiltering - Copying 0 resource from src\main\resources to target\classes
2026-02-28 16:59:48,775 [Worker-900: Building] INFO  o.a.m.s.f.DefaultMavenResourcesFiltering - skip non existing resourceDirectory D:\JS+React\Micro Mentorship Project\mm\mm\src\test\resources
2026-02-28 18:51:09,056 [Worker-915: Building] INFO  o.a.m.s.f.DefaultMavenResourcesFiltering - Copying 1 resource from src\main\resources to target\classes
2026-02-28 18:51:09,111 [Worker-915: Building] INFO  o.a.m.s.f.DefaultMavenResourcesFiltering - Copying 0 resource from src\main\resources to target\classes
2026-02-28 18:51:09,113 [Worker-915: Building] INFO  o.a.m.s.f.DefaultMavenResourcesFiltering - skip non existing resourceDirectory D:\JS+React\Micro Mentorship Project\mm\mm\src\test\resources
2026-02-28 18:52:41,071 [Worker-919: Building] INFO  o.a.m.s.f.DefaultMavenResourcesFiltering - Copying 1 resource from src\main\resources to target\classes
2026-02-28 18:52:41,073 [Worker-919: Building] INFO  o.a.m.s.f.DefaultMavenResourcesFiltering - Copying 0 resource from src\main\resources to target\classes
2026-02-28 18:52:41,075 [Worker-919: Building] INFO  o.a.m.s.f.DefaultMavenResourcesFiltering - skip non existing resourceDirectory D:\JS+React\Micro Mentorship Project\mm\mm\src\test\resources
2026-02-28 18:54:24,517 [Worker-922: Building] INFO  o.a.m.s.f.DefaultMavenResourcesFiltering - Copying 1 resource from src\main\resources to target\classes
2026-02-28 18:54:24,533 [Worker-922: Building] INFO  o.a.m.s.f.DefaultMavenResourcesFiltering - Copying 0 resource from src\main\resources to target\classes
2026-02-28 18:54:24,534 [Worker-922: Building] INFO  o.a.m.s.f.DefaultMavenResourcesFiltering - skip non existing resourceDirectory D:\JS+React\Micro Mentorship Project\mm\mm\src\test\resources
2026-02-28 21:03:50,572 [Worker-943: Building] INFO  o.a.m.s.f.DefaultMavenResourcesFiltering - Copying 1 resource from src\main\resources to target\classes
2026-02-28 21:03:50,619 [Worker-943: Building] INFO  o.a.m.s.f.DefaultMavenResourcesFiltering - Copying 0 resource from src\main\resources to target\classes
2026-02-28 21:03:50,622 [Worker-943: Building] INFO  o.a.m.s.f.DefaultMavenResourcesFiltering - skip non existing resourceDirectory D:\JS+React\Micro Mentorship Project\mm\mm\src\test\resources
2026-02-28 21:13:08,858 [Worker-938: Building] INFO  o.a.m.s.f.DefaultMavenResourcesFiltering - Copying 1 resource from src\main\resources to target\classes
2026-02-28 21:13:08,874 [Worker-938: Building] INFO  o.a.m.s.f.DefaultMavenResourcesFiltering - Copying 0 resource from src\main\resources to target\classes
2026-02-28 21:13:08,875 [Worker-938: Building] INFO  o.a.m.s.f.DefaultMavenResourcesFiltering - skip non existing resourceDirectory D:\JS+React\Micro Mentorship Project\mm\mm\src\test\resources
2026-02-28 21:15:11,187 [Worker-938: Building] INFO  o.a.m.s.f.DefaultMavenResourcesFiltering - Copying 1 resource from src\main\resources to target\classes
2026-02-28 21:15:11,206 [Worker-938: Building] INFO  o.a.m.s.f.DefaultMavenResourcesFiltering - Copying 0 resource from src\main\resources to target\classes
2026-02-28 21:15:11,208 [Worker-938: Building] INFO  o.a.m.s.f.DefaultMavenResourcesFiltering - skip non existing resourceDirectory D:\JS+React\Micro Mentorship Project\mm\mm\src\test\resources
2026-02-28 21:16:28,675 [Worker-938: Building] INFO  o.a.m.s.f.DefaultMavenResourcesFiltering - Copying 1 resource from src\main\resources to target\classes
2026-02-28 21:16:28,679 [Worker-938: Building] INFO  o.a.m.s.f.DefaultMavenResourcesFiltering - Copying 0 resource from src\main\resources to target\classes
2026-02-28 21:16:28,682 [Worker-938: Building] INFO  o.a.m.s.f.DefaultMavenResourcesFiltering - skip non existing resourceDirectory D:\JS+React\Micro Mentorship Project\mm\mm\src\test\resources
2026-02-28 21:16:30,416 [Worker-942: Building] INFO  o.a.m.s.f.DefaultMavenResourcesFiltering - Copying 1 resource from src\main\resources to target\classes
2026-02-28 21:16:30,423 [Worker-942: Building] INFO  o.a.m.s.f.DefaultMavenResourcesFiltering - Copying 0 resource from src\main\resources to target\classes
2026-02-28 21:16:30,425 [Worker-942: Building] INFO  o.a.m.s.f.DefaultMavenResourcesFiltering - skip non existing resourceDirectory D:\JS+React\Micro Mentorship Project\mm\mm\src\test\resources
2026-02-28 21:16:56,238 [Worker-938: Building] INFO  o.a.m.s.f.DefaultMavenResourcesFiltering - Copying 1 resource from src\main\resources to target\classes
2026-02-28 21:16:56,246 [Worker-938: Building] INFO  o.a.m.s.f.DefaultMavenResourcesFiltering - Copying 0 resource from src\main\resources to target\classes
2026-02-28 21:16:56,248 [Worker-938: Building] INFO  o.a.m.s.f.DefaultMavenResourcesFiltering - skip non existing resourceDirectory D:\JS+React\Micro Mentorship Project\mm\mm\src\test\resources
2026-02-28 21:43:02,892 [Worker-950: Building] INFO  o.a.m.s.f.DefaultMavenResourcesFiltering - Copying 1 resource from src\main\resources to target\classes
2026-02-28 21:43:02,924 [Worker-950: Building] INFO  o.a.m.s.f.DefaultMavenResourcesFiltering - Copying 0 resource from src\main\resources to target\classes
2026-02-28 21:43:02,926 [Worker-950: Building] INFO  o.a.m.s.f.DefaultMavenResourcesFiltering - skip non existing resourceDirectory D:\JS+React\Micro Mentorship Project\mm\mm\src\test\resources
2026-03-08 12:37:22,705 [Worker-1482: Building] INFO  o.a.m.s.f.DefaultMavenResourcesFiltering - Copying 1 resource from src\main\resources to target\classes
2026-03-08 12:37:22,783 [Worker-1482: Building] INFO  o.a.m.s.f.DefaultMavenResourcesFiltering - Copying 0 resource from src\main\resources to target\classes
2026-03-08 12:37:22,793 [Worker-1482: Building] INFO  o.a.m.s.f.DefaultMavenResourcesFiltering - skip non existing resourceDirectory D:\JS+React\Micro Mentorship Project\mm\mm\src\test\resources
2026-03-08 12:38:14,600 [Worker-1482: Building] INFO  o.a.m.s.f.DefaultMavenResourcesFiltering - Copying 1 resource from src\main\resources to target\classes
2026-03-08 12:38:14,680 [Worker-1482: Building] INFO  o.a.m.s.f.DefaultMavenResourcesFiltering - Copying 0 resource from src\main\resources to target\classes
2026-03-08 12:38:14,686 [Worker-1482: Building] INFO  o.a.m.s.f.DefaultMavenResourcesFiltering - skip non existing resourceDirectory D:\JS+React\Micro Mentorship Project\mm\mm\src\test\resources
2026-03-08 13:10:04,668 [Worker-1491: Building] INFO  o.a.m.s.f.DefaultMavenResourcesFiltering - Copying 1 resource from src\main\resources to target\classes
2026-03-08 13:10:04,681 [Worker-1491: Building] INFO  o.a.m.s.f.DefaultMavenResourcesFiltering - Copying 0 resource from src\main\resources to target\classes
2026-03-08 13:10:04,684 [Worker-1491: Building] INFO  o.a.m.s.f.DefaultMavenResourcesFiltering - skip non existing resourceDirectory D:\JS+React\Micro Mentorship Project\mm\mm\src\test\resources
2026-03-08 13:42:09,234 [Worker-1498: Building] INFO  o.a.m.s.f.DefaultMavenResourcesFiltering - Copying 1 resource from src\main\resources to target\classes
2026-03-08 13:42:09,245 [Worker-1498: Building] INFO  o.a.m.s.f.DefaultMavenResourcesFiltering - Copying 0 resource from src\main\resources to target\classes
2026-03-08 13:42:09,249 [Worker-1498: Building] INFO  o.a.m.s.f.DefaultMavenResourcesFiltering - skip non existing resourceDirectory D:\JS+React\Micro Mentorship Project\mm\mm\src\test\resources
2026-03-08 14:03:58,328 [Worker-1510: Building] INFO  o.a.m.s.f.DefaultMavenResourcesFiltering - Copying 1 resource from src\main\resources to target\classes
2026-03-08 14:03:58,334 [Worker-1510: Building] INFO  o.a.m.s.f.DefaultMavenResourcesFiltering - Copying 0 resource from src\main\resources to target\classes
2026-03-08 14:03:58,335 [Worker-1510: Building] INFO  o.a.m.s.f.DefaultMavenResourcesFiltering - skip non existing resourceDirectory D:\JS+React\Micro Mentorship Project\mm\mm\src\test\resources
2026-03-08 15:11:14,464 [Worker-1519: Building] INFO  o.a.m.s.f.DefaultMavenResourcesFiltering - Copying 1 resource from src\main\resources to target\classes
2026-03-08 15:11:14,558 [Worker-1519: Building] INFO  o.a.m.s.f.DefaultMavenResourcesFiltering - Copying 0 resource from src\main\resources to target\classes
2026-03-08 15:11:14,560 [Worker-1519: Building] INFO  o.a.m.s.f.DefaultMavenResourcesFiltering - skip non existing resourceDirectory D:\JS+React\Micro Mentorship Project\mm\mm\src\test\resources
2026-03-08 15:25:55,670 [Worker-1528: Building] INFO  o.a.m.s.f.DefaultMavenResourcesFiltering - Copying 1 resource from src\main\resources to target\classes
2026-03-08 15:25:55,682 [Worker-1528: Building] INFO  o.a.m.s.f.DefaultMavenResourcesFiltering - Copying 0 resource from src\main\resources to target\classes
2026-03-08 15:25:55,687 [Worker-1528: Building] INFO  o.a.m.s.f.DefaultMavenResourcesFiltering - skip non existing resourceDirectory D:\JS+React\Micro Mentorship Project\mm\mm\src\test\resources
2026-03-08 15:29:23,278 [Worker-1526: Building] INFO  o.a.m.s.f.DefaultMavenResourcesFiltering - Copying 1 resource from src\main\resources to target\classes
2026-03-08 15:29:23,283 [Worker-1526: Building] INFO  o.a.m.s.f.DefaultMavenResourcesFiltering - Copying 0 resource from src\main\resources to target\classes
2026-03-08 15:29:23,286 [Worker-1526: Building] INFO  o.a.m.s.f.DefaultMavenResourcesFiltering - skip non existing resourceDirectory D:\JS+React\Micro Mentorship Project\mm\mm\src\test\resources
2026-03-08 15:32:44,089 [Worker-1528: Building] INFO  o.a.m.s.f.DefaultMavenResourcesFiltering - Copying 1 resource from src\main\resources to target\classes
2026-03-08 15:32:44,096 [Worker-1528: Building] INFO  o.a.m.s.f.DefaultMavenResourcesFiltering - Copying 0 resource from src\main\resources to target\classes
2026-03-08 15:32:44,097 [Worker-1528: Building] INFO  o.a.m.s.f.DefaultMavenResourcesFiltering - skip non existing resourceDirectory D:\JS+React\Micro Mentorship Project\mm\mm\src\test\resources
2026-03-08 15:33:04,979 [Worker-1530: Building] INFO  o.a.m.s.f.DefaultMavenResourcesFiltering - Copying 1 resource from src\main\resources to target\classes
2026-03-08 15:33:04,985 [Worker-1530: Building] INFO  o.a.m.s.f.DefaultMavenResourcesFiltering - Copying 0 resource from src\main\resources to target\classes
2026-03-08 15:33:04,987 [Worker-1530: Building] INFO  o.a.m.s.f.DefaultMavenResourcesFiltering - skip non existing resourceDirectory D:\JS+React\Micro Mentorship Project\mm\mm\src\test\resources
2026-03-08 15:35:58,926 [Worker-1529: Building] INFO  o.a.m.s.f.DefaultMavenResourcesFiltering - Copying 1 resource from src\main\resources to target\classes
2026-03-08 15:35:58,933 [Worker-1529: Building] INFO  o.a.m.s.f.DefaultMavenResourcesFiltering - Copying 0 resource from src\main\resources to target\classes
2026-03-08 15:35:58,934 [Worker-1529: Building] INFO  o.a.m.s.f.DefaultMavenResourcesFiltering - skip non existing resourceDirectory D:\JS+React\Micro Mentorship Project\mm\mm\src\test\resources
2026-03-08 15:36:05,161 [Worker-1530: Building] INFO  o.a.m.s.f.DefaultMavenResourcesFiltering - Copying 1 resource from src\main\resources to target\classes
2026-03-08 15:36:05,178 [Worker-1530: Building] INFO  o.a.m.s.f.DefaultMavenResourcesFiltering - Copying 0 resource from src\main\resources to target\classes
2026-03-08 15:36:05,180 [Worker-1530: Building] INFO  o.a.m.s.f.DefaultMavenResourcesFiltering - skip non existing resourceDirectory D:\JS+React\Micro Mentorship Project\mm\mm\src\test\resources
2026-03-08 15:36:09,635 [Worker-1532: Building] INFO  o.a.m.s.f.DefaultMavenResourcesFiltering - Copying 1 resource from src\main\resources to target\classes
2026-03-08 15:36:09,638 [Worker-1532: Building] INFO  o.a.m.s.f.DefaultMavenResourcesFiltering - Copying 0 resource from src\main\resources to target\classes
2026-03-08 15:36:09,641 [Worker-1532: Building] INFO  o.a.m.s.f.DefaultMavenResourcesFiltering - skip non existing resourceDirectory D:\JS+React\Micro Mentorship Project\mm\mm\src\test\resources
2026-03-11 10:47:32,206 [Worker-1712: Building] INFO  o.a.m.s.f.DefaultMavenResourcesFiltering - Copying 1 resource from src\main\resources to target\classes
2026-03-11 10:47:32,224 [Worker-1712: Building] INFO  o.a.m.s.f.DefaultMavenResourcesFiltering - Copying 0 resource from src\main\resources to target\classes
2026-03-11 10:47:32,229 [Worker-1712: Building] INFO  o.a.m.s.f.DefaultMavenResourcesFiltering - skip non existing resourceDirectory D:\JS+React\Micro Mentorship Project\mm\mm\src\test\resources
2026-03-11 10:51:00,499 [Worker-1716: Building] INFO  o.a.m.s.f.DefaultMavenResourcesFiltering - Copying 1 resource from src\main\resources to target\classes
2026-03-11 10:51:00,507 [Worker-1716: Building] INFO  o.a.m.s.f.DefaultMavenResourcesFiltering - Copying 0 resource from src\main\resources to target\classes
2026-03-11 10:51:00,509 [Worker-1716: Building] INFO  o.a.m.s.f.DefaultMavenResourcesFiltering - skip non existing resourceDirectory D:\JS+React\Micro Mentorship Project\mm\mm\src\test\resources
2026-03-11 10:51:17,256 [Worker-1714: Building] INFO  o.a.m.s.f.DefaultMavenResourcesFiltering - Copying 1 resource from src\main\resources to target\classes
2026-03-11 10:51:17,266 [Worker-1714: Building] INFO  o.a.m.s.f.DefaultMavenResourcesFiltering - Copying 0 resource from src\main\resources to target\classes
2026-03-11 10:51:17,274 [Worker-1714: Building] INFO  o.a.m.s.f.DefaultMavenResourcesFiltering - skip non existing resourceDirectory D:\JS+React\Micro Mentorship Project\mm\mm\src\test\resources
2026-03-11 10:52:53,756 [Worker-1712: Building] INFO  o.a.m.s.f.DefaultMavenResourcesFiltering - Copying 1 resource from src\main\resources to target\classes
2026-03-11 10:52:53,764 [Worker-1712: Building] INFO  o.a.m.s.f.DefaultMavenResourcesFiltering - Copying 0 resource from src\main\resources to target\classes
2026-03-11 10:52:53,766 [Worker-1712: Building] INFO  o.a.m.s.f.DefaultMavenResourcesFiltering - skip non existing resourceDirectory D:\JS+React\Micro Mentorship Project\mm\mm\src\test\resources
2026-03-11 10:53:13,050 [Worker-1715: Building] INFO  o.a.m.s.f.DefaultMavenResourcesFiltering - Copying 1 resource from src\main\resources to target\classes
2026-03-11 10:53:13,056 [Worker-1715: Building] INFO  o.a.m.s.f.DefaultMavenResourcesFiltering - Copying 0 resource from src\main\resources to target\classes
2026-03-11 10:53:13,057 [Worker-1715: Building] INFO  o.a.m.s.f.DefaultMavenResourcesFiltering - skip non existing resourceDirectory D:\JS+React\Micro Mentorship Project\mm\mm\src\test\resources
2026-03-11 10:57:41,437 [Worker-1712: Building] INFO  o.e.m.c.i.l.LifecycleMappingFactory - Using org.eclipse.m2e.jdt.JarLifecycleMapping lifecycle mapping for MavenProject: com.micromentorship:mm:0.0.1-SNAPSHOT @ D:\JS+React\Micro Mentorship Project\mm\mm\pom.xml.
2026-03-11 10:57:42,929 [Worker-1712: Building] INFO  o.e.m.c.i.e.AbstractTransferListenerAdapter - Downloading https://repo.maven.apache.org/maven2/org/springframework/boot/spring-boot-starter-websocket/4.0.2/spring-boot-starter-websocket-4.0.2.pom
2026-03-11 10:57:42,945 [Worker-1712: Building] INFO  o.e.m.c.i.e.AbstractTransferListenerAdapter - Downloaded https://repo.maven.apache.org/maven2/org/springframework/boot/spring-boot-starter-websocket/4.0.2/spring-boot-starter-websocket-4.0.2.pom
2026-03-11 10:57:43,050 [Worker-1712: Building] INFO  o.e.m.c.i.e.AbstractTransferListenerAdapter - Downloading https://repo.maven.apache.org/maven2/org/springframework/boot/spring-boot-websocket/4.0.2/spring-boot-websocket-4.0.2.pom
2026-03-11 10:57:43,071 [Worker-1712: Building] INFO  o.e.m.c.i.e.AbstractTransferListenerAdapter - Downloaded https://repo.maven.apache.org/maven2/org/springframework/boot/spring-boot-websocket/4.0.2/spring-boot-websocket-4.0.2.pom
2026-03-11 10:57:43,151 [Worker-1712: Building] INFO  o.e.m.c.i.e.AbstractTransferListenerAdapter - Downloading https://repo.maven.apache.org/maven2/org/springframework/spring-messaging/7.0.3/spring-messaging-7.0.3.pom
2026-03-11 10:57:43,161 [Worker-1712: Building] INFO  o.e.m.c.i.e.AbstractTransferListenerAdapter - Downloaded https://repo.maven.apache.org/maven2/org/springframework/spring-messaging/7.0.3/spring-messaging-7.0.3.pom
2026-03-11 10:57:43,213 [Worker-1712: Building] INFO  o.e.m.c.i.e.AbstractTransferListenerAdapter - Downloading https://repo.maven.apache.org/maven2/org/springframework/spring-websocket/7.0.3/spring-websocket-7.0.3.pom
2026-03-11 10:57:43,231 [Worker-1712: Building] INFO  o.e.m.c.i.e.AbstractTransferListenerAdapter - Downloaded https://repo.maven.apache.org/maven2/org/springframework/spring-websocket/7.0.3/spring-websocket-7.0.3.pom
2026-03-11 10:57:43,766 [Worker-1712: Building] INFO  o.e.m.c.i.e.AbstractTransferListenerAdapter - Downloading https://repo.maven.apache.org/maven2/org/springframework/boot/spring-boot-starter-websocket/4.0.2/spring-boot-starter-websocket-4.0.2.jar
2026-03-11 10:57:43,773 [Worker-1712: Building] INFO  o.e.m.c.i.e.AbstractTransferListenerAdapter - Downloaded https://repo.maven.apache.org/maven2/org/springframework/boot/spring-boot-starter-websocket/4.0.2/spring-boot-starter-websocket-4.0.2.jar
2026-03-11 10:57:43,806 [BasicRepositoryConnector-repo.maven.apache.org-2-0] INFO  o.e.m.c.i.e.AbstractTransferListenerAdapter - Downloading https://repo.maven.apache.org/maven2/org/springframework/boot/spring-boot-websocket/4.0.2/spring-boot-websocket-4.0.2.jar
2026-03-11 10:57:43,820 [BasicRepositoryConnector-repo.maven.apache.org-2-0] INFO  o.e.m.c.i.e.AbstractTransferListenerAdapter - Downloaded https://repo.maven.apache.org/maven2/org/springframework/boot/spring-boot-websocket/4.0.2/spring-boot-websocket-4.0.2.jar
2026-03-11 10:57:43,862 [BasicRepositoryConnector-repo.maven.apache.org-2-1] INFO  o.e.m.c.i.e.AbstractTransferListenerAdapter - Downloading https://repo.maven.apache.org/maven2/org/springframework/spring-messaging/7.0.3/spring-messaging-7.0.3.jar
2026-03-11 10:57:43,889 [BasicRepositoryConnector-repo.maven.apache.org-2-2] INFO  o.e.m.c.i.e.AbstractTransferListenerAdapter - Downloading https://repo.maven.apache.org/maven2/org/springframework/spring-websocket/7.0.3/spring-websocket-7.0.3.jar
2026-03-11 10:57:44,022 [BasicRepositoryConnector-repo.maven.apache.org-2-2] INFO  o.e.m.c.i.e.AbstractTransferListenerAdapter - Downloaded https://repo.maven.apache.org/maven2/org/springframework/spring-websocket/7.0.3/spring-websocket-7.0.3.jar
2026-03-11 10:57:44,023 [BasicRepositoryConnector-repo.maven.apache.org-2-1] INFO  o.e.m.c.i.e.AbstractTransferListenerAdapter - Downloaded https://repo.maven.apache.org/maven2/org/springframework/spring-messaging/7.0.3/spring-messaging-7.0.3.jar
2026-03-11 10:57:44,568 [Worker-1712: Building] INFO  o.a.m.s.f.DefaultMavenResourcesFiltering - Copying 0 resource from src\main\resources to target\classes
2026-03-11 10:57:44,568 [Worker-1712: Building] INFO  o.a.m.s.f.DefaultMavenResourcesFiltering - Copying 0 resource from src\main\resources to target\classes
2026-03-11 10:57:44,573 [Worker-1712: Building] INFO  o.a.m.s.f.DefaultMavenResourcesFiltering - skip non existing resourceDirectory D:\JS+React\Micro Mentorship Project\mm\mm\src\test\resources
2026-03-11 10:57:45,408 [Worker-1712: Download sources and javadoc] INFO  o.e.m.c.i.e.AbstractTransferListenerAdapter - Downloading https://repo.maven.apache.org/maven2/org/springframework/boot/spring-boot-starter-websocket/4.0.2/spring-boot-starter-websocket-4.0.2-sources.jar
2026-03-11 10:57:45,411 [Worker-1712: Download sources and javadoc] INFO  o.e.m.c.i.e.AbstractTransferListenerAdapter - Downloaded https://repo.maven.apache.org/maven2/org/springframework/boot/spring-boot-starter-websocket/4.0.2/spring-boot-starter-websocket-4.0.2-sources.jar
2026-03-11 10:57:45,415 [Worker-1712: Download sources and javadoc] INFO  o.e.m.j.internal.DownloadSourcesJob - Downloaded sources for org.springframework.boot:spring-boot-starter-websocket:4.0.2
2026-03-11 10:57:45,481 [Worker-1712: Download sources and javadoc] INFO  o.e.m.c.i.e.AbstractTransferListenerAdapter - Downloading https://repo.maven.apache.org/maven2/org/springframework/boot/spring-boot-websocket/4.0.2/spring-boot-websocket-4.0.2-sources.jar
2026-03-11 10:57:45,483 [Worker-1712: Download sources and javadoc] INFO  o.e.m.c.i.e.AbstractTransferListenerAdapter - Downloaded https://repo.maven.apache.org/maven2/org/springframework/boot/spring-boot-websocket/4.0.2/spring-boot-websocket-4.0.2-sources.jar
2026-03-11 10:57:45,487 [Worker-1712: Download sources and javadoc] INFO  o.e.m.j.internal.DownloadSourcesJob - Downloaded sources for org.springframework.boot:spring-boot-websocket:4.0.2
2026-03-11 10:57:45,548 [Worker-1712: Download sources and javadoc] INFO  o.e.m.c.i.e.AbstractTransferListenerAdapter - Downloading https://repo.maven.apache.org/maven2/org/springframework/spring-messaging/7.0.3/spring-messaging-7.0.3-sources.jar
2026-03-11 10:57:45,622 [Worker-1712: Download sources and javadoc] INFO  o.e.m.c.i.e.AbstractTransferListenerAdapter - Downloaded https://repo.maven.apache.org/maven2/org/springframework/spring-messaging/7.0.3/spring-messaging-7.0.3-sources.jar
2026-03-11 10:57:45,625 [Worker-1712: Download sources and javadoc] INFO  o.e.m.j.internal.DownloadSourcesJob - Downloaded sources for org.springframework:spring-messaging:7.0.3
2026-03-11 10:57:45,752 [Worker-1712: Download sources and javadoc] INFO  o.e.m.c.i.e.AbstractTransferListenerAdapter - Downloading https://repo.maven.apache.org/maven2/org/springframework/spring-websocket/7.0.3/spring-websocket-7.0.3-sources.jar
2026-03-11 10:57:45,812 [Worker-1712: Download sources and javadoc] INFO  o.e.m.c.i.e.AbstractTransferListenerAdapter - Downloaded https://repo.maven.apache.org/maven2/org/springframework/spring-websocket/7.0.3/spring-websocket-7.0.3-sources.jar
2026-03-11 10:57:45,816 [Worker-1712: Download sources and javadoc] INFO  o.e.m.j.internal.DownloadSourcesJob - Downloaded sources for org.springframework:spring-websocket:7.0.3
2026-03-11 10:57:46,444 [Worker-1718: Building] INFO  o.a.m.s.f.DefaultMavenResourcesFiltering - Copying 1 resource from src\main\resources to target\classes
2026-03-11 10:57:46,468 [Worker-1718: Building] INFO  o.a.m.s.f.DefaultMavenResourcesFiltering - Copying 0 resource from src\main\resources to target\classes
2026-03-11 10:57:46,469 [Worker-1718: Building] INFO  o.a.m.s.f.DefaultMavenResourcesFiltering - skip non existing resourceDirectory D:\JS+React\Micro Mentorship Project\mm\mm\src\test\resources
2026-03-11 10:58:17,194 [Worker-1712: Updating Maven Project] INFO  o.e.m.c.i.p.ProjectConfigurationManager - Update started
2026-03-11 10:58:17,405 [Worker-1712: Updating Maven Project] INFO  o.e.m.c.i.l.LifecycleMappingFactory - Using org.eclipse.m2e.jdt.JarLifecycleMapping lifecycle mapping for MavenProject: com.micromentorship:mm:0.0.1-SNAPSHOT @ D:\JS+React\Micro Mentorship Project\mm\mm\pom.xml.
2026-03-11 10:58:17,948 [Worker-1712: Updating Maven Project] INFO  o.e.m.j.i.AbstractJavaProjectConfigurator - Adding source folder /mm/src/main/java
2026-03-11 10:58:17,949 [Worker-1712: Updating Maven Project] INFO  o.e.m.j.i.AbstractJavaProjectConfigurator - Adding resource folder /mm/src/main/resources
2026-03-11 10:58:17,949 [Worker-1712: Updating Maven Project] INFO  o.e.m.j.i.AbstractJavaProjectConfigurator - Adding resource folder /mm/src/main/resources
2026-03-11 10:58:17,949 [Worker-1712: Updating Maven Project] INFO  o.e.m.j.i.AbstractJavaProjectConfigurator - Adding source folder /mm/src/test/java
2026-03-11 10:58:17,951 [Worker-1712: Updating Maven Project] INFO  o.e.m.j.i.AbstractJavaProjectConfigurator - Adding resource folder /mm/src/test/resources
2026-03-11 10:58:18,199 [Worker-1712: Updating Maven Project] INFO  o.e.m.c.i.p.ProjectConfigurationManager - Update completed for 1 poms: local refresh takes 0.00 sec, refresh facades takes 0.00 sec, update config takes 0.00 sec 
2026-03-11 10:58:18,592 [Worker-1718: Building] INFO  o.a.m.s.f.DefaultMavenResourcesFiltering - Copying 1 resource from src\main\resources to target\classes
2026-03-11 10:58:18,605 [Worker-1718: Building] INFO  o.a.m.s.f.DefaultMavenResourcesFiltering - Copying 0 resource from src\main\resources to target\classes
2026-03-11 10:58:18,625 [Worker-1718: Building] INFO  o.a.m.s.f.DefaultMavenResourcesFiltering - skip non existing resourceDirectory D:\JS+React\Micro Mentorship Project\mm\mm\src\test\resources
2026-03-11 11:02:49,120 [Worker-1719: Building] INFO  o.a.m.s.f.DefaultMavenResourcesFiltering - Copying 1 resource from src\main\resources to target\classes
2026-03-11 11:02:49,159 [Worker-1719: Building] INFO  o.a.m.s.f.DefaultMavenResourcesFiltering - Copying 0 resource from src\main\resources to target\classes
2026-03-11 11:02:49,161 [Worker-1719: Building] INFO  o.a.m.s.f.DefaultMavenResourcesFiltering - skip non existing resourceDirectory D:\JS+React\Micro Mentorship Project\mm\mm\src\test\resources
2026-03-11 11:03:08,288 [Worker-1719: Building] INFO  o.a.m.s.f.DefaultMavenResourcesFiltering - Copying 1 resource from src\main\resources to target\classes
2026-03-11 11:03:08,323 [Worker-1719: Building] INFO  o.a.m.s.f.DefaultMavenResourcesFiltering - Copying 0 resource from src\main\resources to target\classes
2026-03-11 11:03:08,325 [Worker-1719: Building] INFO  o.a.m.s.f.DefaultMavenResourcesFiltering - skip non existing resourceDirectory D:\JS+React\Micro Mentorship Project\mm\mm\src\test\resources
2026-03-11 11:04:30,091 [Worker-1718: Building] INFO  o.a.m.s.f.DefaultMavenResourcesFiltering - Copying 1 resource from src\main\resources to target\classes
2026-03-11 11:04:30,103 [Worker-1718: Building] INFO  o.a.m.s.f.DefaultMavenResourcesFiltering - Copying 0 resource from src\main\resources to target\classes
2026-03-11 11:04:30,105 [Worker-1718: Building] INFO  o.a.m.s.f.DefaultMavenResourcesFiltering - skip non existing resourceDirectory D:\JS+React\Micro Mentorship Project\mm\mm\src\test\resources
2026-03-11 11:06:37,586 [Worker-1718: Building] INFO  o.a.m.s.f.DefaultMavenResourcesFiltering - Copying 1 resource from src\main\resources to target\classes
2026-03-11 11:06:37,590 [Worker-1718: Building] INFO  o.a.m.s.f.DefaultMavenResourcesFiltering - Copying 0 resource from src\main\resources to target\classes
2026-03-11 11:06:37,591 [Worker-1718: Building] INFO  o.a.m.s.f.DefaultMavenResourcesFiltering - skip non existing resourceDirectory D:\JS+React\Micro Mentorship Project\mm\mm\src\test\resources
2026-03-11 11:08:49,061 [Worker-1718: Building] INFO  o.a.m.s.f.DefaultMavenResourcesFiltering - Copying 1 resource from src\main\resources to target\classes
2026-03-11 11:08:49,080 [Worker-1718: Building] INFO  o.a.m.s.f.DefaultMavenResourcesFiltering - Copying 0 resource from src\main\resources to target\classes
2026-03-11 11:08:49,084 [Worker-1718: Building] INFO  o.a.m.s.f.DefaultMavenResourcesFiltering - skip non existing resourceDirectory D:\JS+React\Micro Mentorship Project\mm\mm\src\test\resources
2026-03-11 11:28:37,173 [Worker-1724: Building] INFO  o.a.m.s.f.DefaultMavenResourcesFiltering - Copying 1 resource from src\main\resources to target\classes
2026-03-11 11:28:37,184 [Worker-1724: Building] INFO  o.a.m.s.f.DefaultMavenResourcesFiltering - Copying 0 resource from src\main\resources to target\classes
2026-03-11 11:28:37,188 [Worker-1724: Building] INFO  o.a.m.s.f.DefaultMavenResourcesFiltering - skip non existing resourceDirectory D:\JS+React\Micro Mentorship Project\mm\mm\src\test\resources
2026-03-11 11:29:34,338 [Worker-1727: Building] INFO  o.a.m.s.f.DefaultMavenResourcesFiltering - Copying 1 resource from src\main\resources to target\classes
2026-03-11 11:29:34,345 [Worker-1727: Building] INFO  o.a.m.s.f.DefaultMavenResourcesFiltering - Copying 0 resource from src\main\resources to target\classes
2026-03-11 11:29:34,348 [Worker-1727: Building] INFO  o.a.m.s.f.DefaultMavenResourcesFiltering - skip non existing resourceDirectory D:\JS+React\Micro Mentorship Project\mm\mm\src\test\resources
2026-03-11 11:51:44,402 [Worker-1731: Building] INFO  o.a.m.s.f.DefaultMavenResourcesFiltering - Copying 1 resource from src\main\resources to target\classes
2026-03-11 11:51:44,458 [Worker-1731: Building] INFO  o.a.m.s.f.DefaultMavenResourcesFiltering - Copying 0 resource from src\main\resources to target\classes
2026-03-11 11:51:44,461 [Worker-1731: Building] INFO  o.a.m.s.f.DefaultMavenResourcesFiltering - skip non existing resourceDirectory D:\JS+React\Micro Mentorship Project\mm\mm\src\test\resources
2026-03-12 18:21:48,486 [Worker-1896: Building] INFO  o.a.m.s.f.DefaultMavenResourcesFiltering - Copying 1 resource from src\main\resources to target\classes
2026-03-12 18:21:48,703 [Worker-1896: Building] INFO  o.a.m.s.f.DefaultMavenResourcesFiltering - Copying 0 resource from src\main\resources to target\classes
2026-03-12 18:21:48,732 [Worker-1896: Building] INFO  o.a.m.s.f.DefaultMavenResourcesFiltering - skip non existing resourceDirectory D:\JS+React\Micro Mentorship Project\mm\mm\src\test\resources
2026-03-12 19:48:50,306 [Worker-1918: Building] INFO  o.a.m.s.f.DefaultMavenResourcesFiltering - Copying 1 resource from src\main\resources to target\classes
2026-03-12 19:48:50,352 [Worker-1918: Building] INFO  o.a.m.s.f.DefaultMavenResourcesFiltering - Copying 0 resource from src\main\resources to target\classes
2026-03-12 19:48:50,354 [Worker-1918: Building] INFO  o.a.m.s.f.DefaultMavenResourcesFiltering - skip non existing resourceDirectory D:\JS+React\Micro Mentorship Project\mm\mm\src\test\resources
2026-03-12 19:50:35,866 [Worker-1918: Building] INFO  o.a.m.s.f.DefaultMavenResourcesFiltering - Copying 1 resource from src\main\resources to target\classes
2026-03-12 19:50:35,873 [Worker-1918: Building] INFO  o.a.m.s.f.DefaultMavenResourcesFiltering - Copying 0 resource from src\main\resources to target\classes
2026-03-12 19:50:35,877 [Worker-1918: Building] INFO  o.a.m.s.f.DefaultMavenResourcesFiltering - skip non existing resourceDirectory D:\JS+React\Micro Mentorship Project\mm\mm\src\test\resources
2026-03-12 19:50:38,221 [Worker-1917: Building] INFO  o.a.m.s.f.DefaultMavenResourcesFiltering - Copying 1 resource from src\main\resources to target\classes
2026-03-12 19:50:38,229 [Worker-1917: Building] INFO  o.a.m.s.f.DefaultMavenResourcesFiltering - Copying 0 resource from src\main\resources to target\classes
2026-03-12 19:50:38,232 [Worker-1917: Building] INFO  o.a.m.s.f.DefaultMavenResourcesFiltering - skip non existing resourceDirectory D:\JS+React\Micro Mentorship Project\mm\mm\src\test\resources
2026-03-12 19:50:53,091 [Worker-1917: Building] INFO  o.a.m.s.f.DefaultMavenResourcesFiltering - Copying 1 resource from src\main\resources to target\classes
2026-03-12 19:50:53,099 [Worker-1917: Building] INFO  o.a.m.s.f.DefaultMavenResourcesFiltering - Copying 0 resource from src\main\resources to target\classes
2026-03-12 19:50:53,101 [Worker-1917: Building] INFO  o.a.m.s.f.DefaultMavenResourcesFiltering - skip non existing resourceDirectory D:\JS+React\Micro Mentorship Project\mm\mm\src\test\resources
2026-03-13 12:06:16,823 [Worker-1984: Building] INFO  o.a.m.s.f.DefaultMavenResourcesFiltering - Copying 1 resource from src\main\resources to target\classes
2026-03-13 12:06:16,829 [Worker-1984: Building] INFO  o.a.m.s.f.DefaultMavenResourcesFiltering - Copying 0 resource from src\main\resources to target\classes
2026-03-13 12:06:16,833 [Worker-1984: Building] INFO  o.a.m.s.f.DefaultMavenResourcesFiltering - skip non existing resourceDirectory D:\JS+React\Micro Mentorship Project\mm\mm\src\test\resources
2026-03-13 12:06:30,526 [Worker-1984: Building] INFO  o.a.m.s.f.DefaultMavenResourcesFiltering - Copying 1 resource from src\main\resources to target\classes
2026-03-13 12:06:30,531 [Worker-1984: Building] INFO  o.a.m.s.f.DefaultMavenResourcesFiltering - Copying 0 resource from src\main\resources to target\classes
2026-03-13 12:06:30,534 [Worker-1984: Building] INFO  o.a.m.s.f.DefaultMavenResourcesFiltering - skip non existing resourceDirectory D:\JS+React\Micro Mentorship Project\mm\mm\src\test\resources
2026-03-13 12:28:50,895 [Worker-1987: Building] INFO  o.a.m.s.f.DefaultMavenResourcesFiltering - Copying 1 resource from src\main\resources to target\classes
2026-03-13 12:28:50,909 [Worker-1987: Building] INFO  o.a.m.s.f.DefaultMavenResourcesFiltering - Copying 0 resource from src\main\resources to target\classes
2026-03-13 12:28:50,913 [Worker-1987: Building] INFO  o.a.m.s.f.DefaultMavenResourcesFiltering - skip non existing resourceDirectory D:\JS+React\Micro Mentorship Project\mm\mm\src\test\resources
2026-03-13 12:30:19,276 [Worker-1989: Building] INFO  o.a.m.s.f.DefaultMavenResourcesFiltering - Copying 1 resource from src\main\resources to target\classes
2026-03-13 12:30:19,280 [Worker-1989: Building] INFO  o.a.m.s.f.DefaultMavenResourcesFiltering - Copying 0 resource from src\main\resources to target\classes
2026-03-13 12:30:19,282 [Worker-1989: Building] INFO  o.a.m.s.f.DefaultMavenResourcesFiltering - skip non existing resourceDirectory D:\JS+React\Micro Mentorship Project\mm\mm\src\test\resources
2026-03-13 12:31:31,822 [Worker-1987: Building] INFO  o.a.m.s.f.DefaultMavenResourcesFiltering - Copying 1 resource from src\main\resources to target\classes
2026-03-13 12:31:31,831 [Worker-1987: Building] INFO  o.a.m.s.f.DefaultMavenResourcesFiltering - Copying 0 resource from src\main\resources to target\classes
2026-03-13 12:31:31,833 [Worker-1987: Building] INFO  o.a.m.s.f.DefaultMavenResourcesFiltering - skip non existing resourceDirectory D:\JS+React\Micro Mentorship Project\mm\mm\src\test\resources
2026-03-13 12:45:47,646 [Worker-1993: Building] INFO  o.a.m.s.f.DefaultMavenResourcesFiltering - Copying 1 resource from src\main\resources to target\classes
2026-03-13 12:45:47,652 [Worker-1993: Building] INFO  o.a.m.s.f.DefaultMavenResourcesFiltering - Copying 0 resource from src\main\resources to target\classes
2026-03-13 12:45:47,657 [Worker-1993: Building] INFO  o.a.m.s.f.DefaultMavenResourcesFiltering - skip non existing resourceDirectory D:\JS+React\Micro Mentorship Project\mm\mm\src\test\resources
2026-03-13 12:45:50,515 [Worker-1994: Building] INFO  o.a.m.s.f.DefaultMavenResourcesFiltering - Copying 1 resource from src\main\resources to target\classes
2026-03-13 12:45:50,520 [Worker-1994: Building] INFO  o.a.m.s.f.DefaultMavenResourcesFiltering - Copying 0 resource from src\main\resources to target\classes
2026-03-13 12:45:50,524 [Worker-1994: Building] INFO  o.a.m.s.f.DefaultMavenResourcesFiltering - skip non existing resourceDirectory D:\JS+React\Micro Mentorship Project\mm\mm\src\test\resources
2026-03-13 12:48:39,517 [Worker-1992: Building] INFO  o.a.m.s.f.DefaultMavenResourcesFiltering - Copying 1 resource from src\main\resources to target\classes
2026-03-13 12:48:39,522 [Worker-1992: Building] INFO  o.a.m.s.f.DefaultMavenResourcesFiltering - Copying 0 resource from src\main\resources to target\classes
2026-03-13 12:48:39,533 [Worker-1992: Building] INFO  o.a.m.s.f.DefaultMavenResourcesFiltering - skip non existing resourceDirectory D:\JS+React\Micro Mentorship Project\mm\mm\src\test\resources
2026-03-13 12:51:02,499 [Worker-1987: Building] INFO  o.a.m.s.f.DefaultMavenResourcesFiltering - Copying 1 resource from src\main\resources to target\classes
2026-03-13 12:51:02,504 [Worker-1987: Building] INFO  o.a.m.s.f.DefaultMavenResourcesFiltering - Copying 0 resource from src\main\resources to target\classes
2026-03-13 12:51:02,517 [Worker-1987: Building] INFO  o.a.m.s.f.DefaultMavenResourcesFiltering - skip non existing resourceDirectory D:\JS+React\Micro Mentorship Project\mm\mm\src\test\resources
2026-03-13 12:51:14,266 [Worker-1992: Building] INFO  o.a.m.s.f.DefaultMavenResourcesFiltering - Copying 1 resource from src\main\resources to target\classes
2026-03-13 12:51:14,269 [Worker-1992: Building] INFO  o.a.m.s.f.DefaultMavenResourcesFiltering - Copying 0 resource from src\main\resources to target\classes
2026-03-13 12:51:14,273 [Worker-1992: Building] INFO  o.a.m.s.f.DefaultMavenResourcesFiltering - skip non existing resourceDirectory D:\JS+React\Micro Mentorship Project\mm\mm\src\test\resources
2026-03-13 13:35:21,864 [Worker-1997: Building] INFO  o.a.m.s.f.DefaultMavenResourcesFiltering - Copying 1 resource from src\main\resources to target\classes
2026-03-13 13:35:21,874 [Worker-1997: Building] INFO  o.a.m.s.f.DefaultMavenResourcesFiltering - Copying 0 resource from src\main\resources to target\classes
2026-03-13 13:35:21,878 [Worker-1997: Building] INFO  o.a.m.s.f.DefaultMavenResourcesFiltering - skip non existing resourceDirectory D:\JS+React\Micro Mentorship Project\mm\mm\src\test\resources
2026-03-13 13:37:12,512 [Worker-2000: Building] INFO  o.a.m.s.f.DefaultMavenResourcesFiltering - Copying 1 resource from src\main\resources to target\classes
2026-03-13 13:37:12,516 [Worker-2000: Building] INFO  o.a.m.s.f.DefaultMavenResourcesFiltering - Copying 0 resource from src\main\resources to target\classes
2026-03-13 13:37:12,519 [Worker-2000: Building] INFO  o.a.m.s.f.DefaultMavenResourcesFiltering - skip non existing resourceDirectory D:\JS+React\Micro Mentorship Project\mm\mm\src\test\resources
2026-03-13 13:37:24,185 [Worker-2000: Building] INFO  o.a.m.s.f.DefaultMavenResourcesFiltering - Copying 1 resource from src\main\resources to target\classes
2026-03-13 13:37:24,190 [Worker-2000: Building] INFO  o.a.m.s.f.DefaultMavenResourcesFiltering - Copying 0 resource from src\main\resources to target\classes
2026-03-13 13:37:24,192 [Worker-2000: Building] INFO  o.a.m.s.f.DefaultMavenResourcesFiltering - skip non existing resourceDirectory D:\JS+React\Micro Mentorship Project\mm\mm\src\test\resources
2026-03-13 13:38:39,592 [Worker-2001: Building] INFO  o.a.m.s.f.DefaultMavenResourcesFiltering - Copying 1 resource from src\main\resources to target\classes
2026-03-13 13:38:39,597 [Worker-2001: Building] INFO  o.a.m.s.f.DefaultMavenResourcesFiltering - Copying 0 resource from src\main\resources to target\classes
2026-03-13 13:38:39,598 [Worker-2001: Building] INFO  o.a.m.s.f.DefaultMavenResourcesFiltering - skip non existing resourceDirectory D:\JS+React\Micro Mentorship Project\mm\mm\src\test\resources
2026-03-13 15:43:56,792 [Worker-2026: Building] INFO  o.a.m.s.f.DefaultMavenResourcesFiltering - Copying 1 resource from src\main\resources to target\classes
2026-03-13 15:43:56,810 [Worker-2026: Building] INFO  o.a.m.s.f.DefaultMavenResourcesFiltering - Copying 0 resource from src\main\resources to target\classes
2026-03-13 15:43:56,819 [Worker-2026: Building] INFO  o.a.m.s.f.DefaultMavenResourcesFiltering - skip non existing resourceDirectory D:\JS+React\Micro Mentorship Project\mm\mm\src\test\resources
2026-03-13 16:13:25,672 [Worker-2028: Building] INFO  o.a.m.s.f.DefaultMavenResourcesFiltering - Copying 1 resource from src\main\resources to target\classes
2026-03-13 16:13:25,679 [Worker-2028: Building] INFO  o.a.m.s.f.DefaultMavenResourcesFiltering - Copying 0 resource from src\main\resources to target\classes
2026-03-13 16:13:25,682 [Worker-2028: Building] INFO  o.a.m.s.f.DefaultMavenResourcesFiltering - skip non existing resourceDirectory D:\JS+React\Micro Mentorship Project\mm\mm\src\test\resources
2026-03-16 09:46:31,787 [Worker-2260: Building] INFO  o.a.m.s.f.DefaultMavenResourcesFiltering - Copying 1 resource from src\main\resources to target\classes
2026-03-16 09:46:31,871 [Worker-2260: Building] INFO  o.a.m.s.f.DefaultMavenResourcesFiltering - Copying 0 resource from src\main\resources to target\classes
2026-03-16 09:46:31,874 [Worker-2260: Building] INFO  o.a.m.s.f.DefaultMavenResourcesFiltering - skip non existing resourceDirectory D:\JS+React\Micro Mentorship Project\mm\mm\src\test\resources
2026-03-16 09:47:44,496 [Worker-2260: Building] INFO  o.a.m.s.f.DefaultMavenResourcesFiltering - Copying 1 resource from src\main\resources to target\classes
2026-03-16 09:47:44,527 [Worker-2260: Building] INFO  o.a.m.s.f.DefaultMavenResourcesFiltering - Copying 0 resource from src\main\resources to target\classes
2026-03-16 09:47:44,532 [Worker-2260: Building] INFO  o.a.m.s.f.DefaultMavenResourcesFiltering - skip non existing resourceDirectory D:\JS+React\Micro Mentorship Project\mm\mm\src\test\resources
2026-03-16 09:49:35,735 [Worker-2262: Building] INFO  o.a.m.s.f.DefaultMavenResourcesFiltering - Copying 1 resource from src\main\resources to target\classes
2026-03-16 09:49:35,741 [Worker-2262: Building] INFO  o.a.m.s.f.DefaultMavenResourcesFiltering - Copying 0 resource from src\main\resources to target\classes
2026-03-16 09:49:35,745 [Worker-2262: Building] INFO  o.a.m.s.f.DefaultMavenResourcesFiltering - skip non existing resourceDirectory D:\JS+React\Micro Mentorship Project\mm\mm\src\test\resources
2026-03-16 10:37:37,641 [Worker-2268: Building] INFO  o.a.m.s.f.DefaultMavenResourcesFiltering - Copying 1 resource from src\main\resources to target\classes
2026-03-16 10:37:37,673 [Worker-2268: Building] INFO  o.a.m.s.f.DefaultMavenResourcesFiltering - Copying 0 resource from src\main\resources to target\classes
2026-03-16 10:37:37,677 [Worker-2268: Building] INFO  o.a.m.s.f.DefaultMavenResourcesFiltering - skip non existing resourceDirectory D:\JS+React\Micro Mentorship Project\mm\mm\src\test\resources
2026-03-16 10:38:58,763 [Worker-2268: Building] INFO  o.a.m.s.f.DefaultMavenResourcesFiltering - Copying 1 resource from src\main\resources to target\classes
2026-03-16 10:38:58,771 [Worker-2268: Building] INFO  o.a.m.s.f.DefaultMavenResourcesFiltering - Copying 0 resource from src\main\resources to target\classes
2026-03-16 10:38:58,774 [Worker-2268: Building] INFO  o.a.m.s.f.DefaultMavenResourcesFiltering - skip non existing resourceDirectory D:\JS+React\Micro Mentorship Project\mm\mm\src\test\resources
2026-03-16 10:52:22,070 [Worker-2275: Building] INFO  o.a.m.s.f.DefaultMavenResourcesFiltering - Copying 1 resource from src\main\resources to target\classes
2026-03-16 10:52:22,078 [Worker-2275: Building] INFO  o.a.m.s.f.DefaultMavenResourcesFiltering - Copying 0 resource from src\main\resources to target\classes
2026-03-16 10:52:22,081 [Worker-2275: Building] INFO  o.a.m.s.f.DefaultMavenResourcesFiltering - skip non existing resourceDirectory D:\JS+React\Micro Mentorship Project\mm\mm\src\test\resources
2026-03-16 11:07:33,342 [Worker-2276: Building] INFO  o.a.m.s.f.DefaultMavenResourcesFiltering - Copying 1 resource from src\main\resources to target\classes
2026-03-16 11:07:33,374 [Worker-2276: Building] INFO  o.a.m.s.f.DefaultMavenResourcesFiltering - Copying 0 resource from src\main\resources to target\classes
2026-03-16 11:07:33,378 [Worker-2276: Building] INFO  o.a.m.s.f.DefaultMavenResourcesFiltering - skip non existing resourceDirectory D:\JS+React\Micro Mentorship Project\mm\mm\src\test\resources
2026-03-16 11:07:53,714 [Worker-2279: Building] INFO  o.a.m.s.f.DefaultMavenResourcesFiltering - Copying 1 resource from src\main\resources to target\classes
2026-03-16 11:07:53,815 [Worker-2279: Building] INFO  o.a.m.s.f.DefaultMavenResourcesFiltering - Copying 0 resource from src\main\resources to target\classes
2026-03-16 11:07:53,820 [Worker-2279: Building] INFO  o.a.m.s.f.DefaultMavenResourcesFiltering - skip non existing resourceDirectory D:\JS+React\Micro Mentorship Project\mm\mm\src\test\resources
2026-03-16 11:42:37,334 [Worker-2287: Building] INFO  o.a.m.s.f.DefaultMavenResourcesFiltering - Copying 1 resource from src\main\resources to target\classes
2026-03-16 11:42:37,367 [Worker-2287: Building] INFO  o.a.m.s.f.DefaultMavenResourcesFiltering - Copying 0 resource from src\main\resources to target\classes
2026-03-16 11:42:37,371 [Worker-2287: Building] INFO  o.a.m.s.f.DefaultMavenResourcesFiltering - skip non existing resourceDirectory D:\JS+React\Micro Mentorship Project\mm\mm\src\test\resources
2026-03-16 11:43:16,071 [Worker-2287: Building] INFO  o.a.m.s.f.DefaultMavenResourcesFiltering - Copying 1 resource from src\main\resources to target\classes
2026-03-16 11:43:16,087 [Worker-2287: Building] INFO  o.a.m.s.f.DefaultMavenResourcesFiltering - Copying 0 resource from src\main\resources to target\classes
2026-03-16 11:43:16,089 [Worker-2287: Building] INFO  o.a.m.s.f.DefaultMavenResourcesFiltering - skip non existing resourceDirectory D:\JS+React\Micro Mentorship Project\mm\mm\src\test\resources
2026-03-16 11:43:31,808 [Worker-2283: Building] INFO  o.a.m.s.f.DefaultMavenResourcesFiltering - Copying 1 resource from src\main\resources to target\classes
2026-03-16 11:43:31,816 [Worker-2283: Building] INFO  o.a.m.s.f.DefaultMavenResourcesFiltering - Copying 0 resource from src\main\resources to target\classes
2026-03-16 11:43:31,818 [Worker-2283: Building] INFO  o.a.m.s.f.DefaultMavenResourcesFiltering - skip non existing resourceDirectory D:\JS+React\Micro Mentorship Project\mm\mm\src\test\resources
2026-03-16 11:52:59,244 [Worker-2291: Building] INFO  o.a.m.s.f.DefaultMavenResourcesFiltering - Copying 1 resource from src\main\resources to target\classes
2026-03-16 11:52:59,250 [Worker-2291: Building] INFO  o.a.m.s.f.DefaultMavenResourcesFiltering - Copying 0 resource from src\main\resources to target\classes
2026-03-16 11:52:59,252 [Worker-2291: Building] INFO  o.a.m.s.f.DefaultMavenResourcesFiltering - skip non existing resourceDirectory D:\JS+React\Micro Mentorship Project\mm\mm\src\test\resources
2026-03-16 12:03:58,050 [Worker-2294: Building] INFO  o.a.m.s.f.DefaultMavenResourcesFiltering - Copying 1 resource from src\main\resources to target\classes
2026-03-16 12:03:58,061 [Worker-2294: Building] INFO  o.a.m.s.f.DefaultMavenResourcesFiltering - Copying 0 resource from src\main\resources to target\classes
2026-03-16 12:03:58,063 [Worker-2294: Building] INFO  o.a.m.s.f.DefaultMavenResourcesFiltering - skip non existing resourceDirectory D:\JS+React\Micro Mentorship Project\mm\mm\src\test\resources
2026-03-16 12:05:48,417 [Worker-2296: Building] INFO  o.a.m.s.f.DefaultMavenResourcesFiltering - Copying 1 resource from src\main\resources to target\classes
2026-03-16 12:05:48,423 [Worker-2296: Building] INFO  o.a.m.s.f.DefaultMavenResourcesFiltering - Copying 0 resource from src\main\resources to target\classes
2026-03-16 12:05:48,427 [Worker-2296: Building] INFO  o.a.m.s.f.DefaultMavenResourcesFiltering - skip non existing resourceDirectory D:\JS+React\Micro Mentorship Project\mm\mm\src\test\resources
2026-03-16 14:45:19,170 [Worker-2318: Building] INFO  o.a.m.s.f.DefaultMavenResourcesFiltering - Copying 1 resource from src\main\resources to target\classes
2026-03-16 14:45:19,262 [Worker-2318: Building] INFO  o.a.m.s.f.DefaultMavenResourcesFiltering - Copying 0 resource from src\main\resources to target\classes
2026-03-16 14:45:19,267 [Worker-2318: Building] INFO  o.a.m.s.f.DefaultMavenResourcesFiltering - skip non existing resourceDirectory D:\JS+React\Micro Mentorship Project\mm\mm\src\test\resources
2026-03-16 14:47:13,816 [Worker-2317: Building] INFO  o.a.m.s.f.DefaultMavenResourcesFiltering - Copying 1 resource from src\main\resources to target\classes
2026-03-16 14:47:13,832 [Worker-2317: Building] INFO  o.a.m.s.f.DefaultMavenResourcesFiltering - Copying 0 resource from src\main\resources to target\classes
2026-03-16 14:47:13,835 [Worker-2317: Building] INFO  o.a.m.s.f.DefaultMavenResourcesFiltering - skip non existing resourceDirectory D:\JS+React\Micro Mentorship Project\mm\mm\src\test\resources
2026-03-16 14:57:43,091 [Worker-2314: Building] INFO  o.a.m.s.f.DefaultMavenResourcesFiltering - Copying 1 resource from src\main\resources to target\classes
2026-03-16 14:57:43,128 [Worker-2314: Building] INFO  o.a.m.s.f.DefaultMavenResourcesFiltering - Copying 0 resource from src\main\resources to target\classes
2026-03-16 14:57:43,133 [Worker-2314: Building] INFO  o.a.m.s.f.DefaultMavenResourcesFiltering - skip non existing resourceDirectory D:\JS+React\Micro Mentorship Project\mm\mm\src\test\resources
2026-03-16 14:57:59,569 [Worker-2322: Building] INFO  o.a.m.s.f.DefaultMavenResourcesFiltering - Copying 1 resource from src\main\resources to target\classes
2026-03-16 14:57:59,607 [Worker-2322: Building] INFO  o.a.m.s.f.DefaultMavenResourcesFiltering - Copying 0 resource from src\main\resources to target\classes
2026-03-16 14:57:59,611 [Worker-2322: Building] INFO  o.a.m.s.f.DefaultMavenResourcesFiltering - skip non existing resourceDirectory D:\JS+React\Micro Mentorship Project\mm\mm\src\test\resources
2026-03-16 15:06:28,486 [Worker-2322: Building] INFO  o.a.m.s.f.DefaultMavenResourcesFiltering - Copying 1 resource from src\main\resources to target\classes
2026-03-16 15:06:28,523 [Worker-2322: Building] INFO  o.a.m.s.f.DefaultMavenResourcesFiltering - Copying 0 resource from src\main\resources to target\classes
2026-03-16 15:06:28,525 [Worker-2322: Building] INFO  o.a.m.s.f.DefaultMavenResourcesFiltering - skip non existing resourceDirectory D:\JS+React\Micro Mentorship Project\mm\mm\src\test\resources
2026-03-16 15:33:50,716 [Worker-2330: Building] INFO  o.a.m.s.f.DefaultMavenResourcesFiltering - Copying 1 resource from src\main\resources to target\classes
2026-03-16 15:33:50,734 [Worker-2330: Building] INFO  o.a.m.s.f.DefaultMavenResourcesFiltering - Copying 0 resource from src\main\resources to target\classes
2026-03-16 15:33:50,737 [Worker-2330: Building] INFO  o.a.m.s.f.DefaultMavenResourcesFiltering - skip non existing resourceDirectory D:\JS+React\Micro Mentorship Project\mm\mm\src\test\resources
2026-03-16 15:40:31,885 [Worker-2330: Building] INFO  o.a.m.s.f.DefaultMavenResourcesFiltering - Copying 1 resource from src\main\resources to target\classes
2026-03-16 15:40:31,903 [Worker-2330: Building] INFO  o.a.m.s.f.DefaultMavenResourcesFiltering - Copying 0 resource from src\main\resources to target\classes
2026-03-16 15:40:31,906 [Worker-2330: Building] INFO  o.a.m.s.f.DefaultMavenResourcesFiltering - skip non existing resourceDirectory D:\JS+React\Micro Mentorship Project\mm\mm\src\test\resources
2026-03-16 15:43:27,459 [Worker-2332: Building] INFO  o.a.m.s.f.DefaultMavenResourcesFiltering - Copying 1 resource from src\main\resources to target\classes
2026-03-16 15:43:27,467 [Worker-2332: Building] INFO  o.a.m.s.f.DefaultMavenResourcesFiltering - Copying 0 resource from src\main\resources to target\classes
2026-03-16 15:43:27,469 [Worker-2332: Building] INFO  o.a.m.s.f.DefaultMavenResourcesFiltering - skip non existing resourceDirectory D:\JS+React\Micro Mentorship Project\mm\mm\src\test\resources
2026-03-16 15:50:05,712 [Worker-2330: Building] INFO  o.a.m.s.f.DefaultMavenResourcesFiltering - Copying 1 resource from src\main\resources to target\classes
2026-03-16 15:50:05,723 [Worker-2330: Building] INFO  o.a.m.s.f.DefaultMavenResourcesFiltering - Copying 0 resource from src\main\resources to target\classes
2026-03-16 15:50:05,727 [Worker-2330: Building] INFO  o.a.m.s.f.DefaultMavenResourcesFiltering - skip non existing resourceDirectory D:\JS+React\Micro Mentorship Project\mm\mm\src\test\resources
2026-03-16 15:50:06,872 [Worker-2330: Building] INFO  o.a.m.s.f.DefaultMavenResourcesFiltering - Copying 1 resource from src\main\resources to target\classes
2026-03-16 15:50:06,879 [Worker-2330: Building] INFO  o.a.m.s.f.DefaultMavenResourcesFiltering - Copying 0 resource from src\main\resources to target\classes
2026-03-16 15:50:06,880 [Worker-2330: Building] INFO  o.a.m.s.f.DefaultMavenResourcesFiltering - skip non existing resourceDirectory D:\JS+React\Micro Mentorship Project\mm\mm\src\test\resources
2026-03-19 20:45:17,653 [Worker-3: Loading available Gradle versions] INFO  o.e.b.c.i.u.g.PublishedGradleVersions - Gradle version information cache is out-of-date. Trying to update.
2026-03-19 20:45:21,270 [Worker-8: Building] INFO  o.a.m.s.f.DefaultMavenResourcesFiltering - Copying 1 resource from src\main\resources to target\classes
2026-03-19 20:45:21,290 [Worker-8: Building] INFO  o.a.m.s.f.DefaultMavenResourcesFiltering - Copying 0 resource from src\main\resources to target\classes
2026-03-19 20:45:21,295 [Worker-8: Building] INFO  o.a.m.s.f.DefaultMavenResourcesFiltering - skip non existing resourceDirectory D:\JS+React\Micro Mentorship Project\mm\mm\src\test\resources
2026-03-23 10:15:44,615 [Worker-5: Loading available Gradle versions] INFO  o.e.b.c.i.u.g.PublishedGradleVersions - Gradle version information cache is out-of-date. Trying to update.
2026-04-02 13:55:49,515 [Worker-2: Loading available Gradle versions] INFO  o.e.b.c.i.u.g.PublishedGradleVersions - Gradle version information cache is out-of-date. Trying to update.
